session_idx,n_known,n_truth,prec@5_popularity,rec@5_popularity,nprec@5_popularity,map@5_popularity,prec@5_partial_cf,rec@5_partial_cf,nprec@5_partial_cf,map@5_partial_cf,prec@5_content_only,rec@5_content_only,nprec@5_content_only,map@5_content_only,prec@5_mixed,rec@5_mixed,nprec@5_mixed,map@5_mixed
0,2,3,0.0,0.0,0.0,0.0,0.2,0.3333333333333333,0.3333333333333333,0.08333333333333333,0.0,0.0,0.0,0.0,0.0,0.0,0.0,0.0
1,2,13,0.2,0.07692307692307693,0.2,0.05,0.2,0.07692307692307693,0.2,0.04,0.2,0.07692307692307693,0.2,0.05,0.0,0.0,0.0,0.0
2,2,6,0.0,0.0,0.0,0.0,0.2,0.16666666666666666,0.2,0.2,0.0,0.0,0.0,0.0,0.0,0.0,0.0,0.0
3,2,6,0.2,0.16666666666666666,0.2,0.06666666666666667,0.2,0.16666666666666666,0.2,0.1,0.0,0.0,0.0,0.0,0.0,0.0,0.0,0.0
4,2,9,0.0,0.0,0.0,0.0,0.0,0.0,0.0,0.0,0.4,0.2222222222222222,0.4,0.3,0.2,0.1111111111111111,0.2,0.2
5,2,10,0.4,0.2,0.4,0.4,0.4,0.2,0.4,0.3333333333333333,0.0,0.0,0.0,0.0,0.2,0.1,0.2,0.06666666666666667
6,2,5,0.2,0.2,0.2,0.1,0.2,0.2,0.2,0.2,0.0,0.0,0.0,0.0,0.2,0.2,0.2,0.1
7,2,6,0.2,0.16666666666666666,0.2,0.04,0.2,0.16666666666666666,0.2,0.1,0.2,0.16666666666666666,0.2,0.2,0.2,0.16666666666666666,0.2,0.2
8,2,8,0.0,0.0,0.0,0.0,0.4,0.25,0.4,0.3333333333333333,0.0,0.0,0.0,0.0,0.0,0.0,0.0,0.0
9,2,9,0.0,0.0,0.0,0.0,0.4,0.2222222222222222,0.4,0.2,0.2,0.1111111111111111,0.2,0.1,0.0,0.0,0.0,0.0
10,2,8,0.2,0.125,0.2,0.1,0.2,0.125,0.2,0.06666666666666667,0.4,0.25,0.4,0.16666666666666666,0.4,0.25,0.4,0.18
11,2,7,0.6,0.42857142857142855,0.6,0.4533333333333333,0.2,0.14285714285714285,0.2,0.2,0.0,0.0,0.0,0.0,0.2,0.14285714285714285,0.2,0.04
12,2,17,0.2,0.058823529411764705,0.2,0.05,0.4,0.11764705882352941,0.4,0.3,0.4,0.11764705882352941,0.4,0.3333333333333333,0.2,0.058823529411764705,0.2,0.2
13,2,9,0.4,0.2222222222222222,0.4,0.27999999999999997,0.0,0.0,0.0,0.0,0.0,0.0,0.0,0.0,0.2,0.1111111111111111,0.2,0.04
14,2,3,0.2,0.3333333333333333,0.3333333333333333,0.06666666666666667,0.2,0.3333333333333333,0.3333333333333333,0.16666666666666666,0.4,0.6666666666666666,0.6666666666666666,0.21666666666666667,0.2,0.3333333333333333,0.3333333333333333,0.16666666666666666
15,2,4,0.0,0.0,0.0,0.0,0.2,0.25,0.25,0.25,0.4,0.5,0.5,0.20833333333333331,0.2,0.25,0.25,0.05
16,2,7,0.2,0.14285714285714285,0.2,0.2,0.0,0.0,0.0,0.0,0.2,0.14285714285714285,0.2,0.1,0.6,0.42857142857142855,0.6,0.35333333333333333
17,2,8,0.0,0.0,0.0,0.0,0.2,0.125,0.2,0.06666666666666667,0.0,0.0,0.0,0.0,0.0,0.0,0.0,0.0
18,2,8,0.2,0.125,0.2,0.06666666666666667,0.2,0.125,0.2,0.04,0.4,0.25,0.4,0.18,0.2,0.125,0.2,0.1
19,2,4,0.2,0.25,0.25,0.08333333333333333,0.0,0.0,0.0,0.0,0.0,0.0,0.0,0.0,0.0,0.0,0.0,0.0
20,2,6,0.0,0.0,0.0,0.0,0.2,0.16666666666666666,0.2,0.06666666666666667,0.2,0.16666666666666666,0.2,0.05,0.2,0.16666666666666666,0.2,0.2
21,2,3,0.4,0.6666666666666666,0.6666666666666666,0.24444444444444446,0.2,0.3333333333333333,0.3333333333333333,0.3333333333333333,0.2,0.3333333333333333,0.3333333333333333,0.3333333333333333,0.2,0.3333333333333333,0.3333333333333333,0.3333333333333333
22,2,6,0.4,0.3333333333333333,0.4,0.2333333333333333,0.2,0.16666666666666666,0.2,0.06666666666666667,0.0,0.0,0.0,0.0,0.2,0.16666666666666666,0.2,0.05
23,2,3,0.0,0.0,0.0,0.0,0.0,0.0,0.0,0.0,0.0,0.0,0.0,0.0,0.0,0.0,0.0,0.0
24,2,5,0.2,0.2,0.2,0.06666666666666667,0.2,0.2,0.2,0.06666666666666667,0.2,0.2,0.2,0.04,0.0,0.0,0.0,0.0
25,2,9,0.2,0.1111111111111111,0.2,0.1,0.2,0.1111111111111111,0.2,0.04,0.0,0.0,0.0,0.0,0.2,0.1111111111111111,0.2,0.06666666666666667
26,2,7,0.2,0.14285714285714285,0.2,0.2,0.2,0.14285714285714285,0.2,0.1,0.2,0.14285714285714285,0.2,0.1,0.4,0.2857142857142857,0.4,0.27999999999999997
27,2,8,0.2,0.125,0.2,0.05,0.2,0.125,0.2,0.2,0.0,0.0,0.0,0.0,0.0,0.0,0.0,0.0
28,2,7,0.2,0.14285714285714285,0.2,0.2,0.2,0.14285714285714285,0.2,0.05,0.0,0.0,0.0,0.0,0.0,0.0,0.0,0.0
29,2,2,0.0,0.0,0.0,0.0,0.0,0.0,0.0,0.0,0.0,0.0,0.0,0.0,0.0,0.0,0.0,0.0
30,2,3,0.0,0.0,0.0,0.0,0.2,0.3333333333333333,0.3333333333333333,0.16666666666666666,0.0,0.0,0.0,0.0,0.0,0.0,0.0,0.0
31,2,13,0.2,0.07692307692307693,0.2,0.06666666666666667,0.6,0.23076923076923078,0.6,0.42000000000000004,0.2,0.07692307692307693,0.2,0.04,0.4,0.15384615384615385,0.4,0.14666666666666667
32,2,12,0.4,0.16666666666666666,0.4,0.2,0.4,0.16666666666666666,0.4,0.18,0.0,0.0,0.0,0.0,0.2,0.08333333333333333,0.2,0.2
33,2,13,0.6,0.23076923076923078,0.6,0.3833333333333333,0.4,0.15384615384615385,0.4,0.4,0.4,0.15384615384615385,0.4,0.4,0.4,0.15384615384615385,0.4,0.4
34,2,9,0.6,0.3333333333333333,0.6,0.2866666666666666,0.2,0.1111111111111111,0.2,0.2,0.4,0.2222222222222222,0.4,0.3,0.4,0.2222222222222222,0.4,0.16666666666666666
35,2,9,0.2,0.1111111111111111,0.2,0.05,0.2,0.1111111111111111,0.2,0.06666666666666667,0.2,0.1111111111111111,0.2,0.05,0.0,0.0,0.0,0.0
36,2,6,0.2,0.16666666666666666,0.2,0.05,0.0,0.0,0.0,0.0,0.2,0.16666666666666666,0.2,0.04,0.0,0.0,0.0,0.0
37,2,3,0.0,0.0,0.0,0.0,0.4,0.6666666666666666,0.6666666666666666,0.5555555555555555,0.2,0.3333333333333333,0.3333333333333333,0.16666666666666666,0.2,0.3333333333333333,0.3333333333333333,0.3333333333333333
38,2,7,0.0,0.0,0.0,0.0,0.2,0.14285714285714285,0.2,0.2,0.2,0.14285714285714285,0.2,0.2,0.2,0.14285714285714285,0.2,0.2
39,2,4,0.0,0.0,0.0,0.0,0.0,0.0,0.0,0.0,0.0,0.0,0.0,0.0,0.0,0.0,0.0,0.0
40,2,6,0.0,0.0,0.0,0.0,0.0,0.0,0.0,0.0,0.2,0.16666666666666666,0.2,0.1,0.0,0.0,0.0,0.0
41,2,12,0.2,0.08333333333333333,0.2,0.06666666666666667,0.4,0.16666666666666666,0.4,0.4,0.4,0.16666666666666666,0.4,0.18,0.4,0.16666666666666666,0.4,0.2
42,2,7,0.2,0.14285714285714285,0.2,0.04,0.4,0.2857142857142857,0.4,0.4,0.2,0.14285714285714285,0.2,0.04,0.0,0.0,0.0,0.0
43,2,6,0.2,0.16666666666666666,0.2,0.1,0.4,0.3333333333333333,0.4,0.2333333333333333,0.0,0.0,0.0,0.0,0.2,0.16666666666666666,0.2,0.2
44,2,6,0.2,0.16666666666666666,0.2,0.2,0.2,0.16666666666666666,0.2,0.06666666666666667,0.2,0.16666666666666666,0.2,0.04,0.4,0.3333333333333333,0.4,0.13
45,2,3,0.0,0.0,0.0,0.0,0.2,0.3333333333333333,0.3333333333333333,0.16666666666666666,0.0,0.0,0.0,0.0,0.0,0.0,0.0,0.0
46,2,5,0.0,0.0,0.0,0.0,0.2,0.2,0.2,0.2,0.0,0.0,0.0,0.0,0.0,0.0,0.0,0.0
47,2,4,0.0,0.0,0.0,0.0,0.2,0.25,0.25,0.25,0.0,0.0,0.0,0.0,0.0,0.0,0.0,0.0
48,2,4,0.0,0.0,0.0,0.0,0.2,0.25,0.25,0.0625,0.0,0.0,0.0,0.0,0.0,0.0,0.0,0.0
49,2,5,0.2,0.2,0.2,0.05,0.4,0.4,0.4,0.16666666666666666,0.0,0.0,0.0,0.0,0.0,0.0,0.0,0.0
50,2,5,0.0,0.0,0.0,0.0,0.0,0.0,0.0,0.0,0.4,0.4,0.4,0.3333333333333333,0.4,0.4,0.4,0.16666666666666666
51,2,6,0.4,0.3333333333333333,0.4,0.16666666666666666,0.0,0.0,0.0,0.0,0.0,0.0,0.0,0.0,0.0,0.0,0.0,0.0
52,2,6,0.4,0.3333333333333333,0.4,0.13,0.2,0.16666666666666666,0.2,0.04,0.2,0.16666666666666666,0.2,0.2,0.2,0.16666666666666666,0.2,0.2
53,2,9,0.0,0.0,0.0,0.0,0.0,0.0,0.0,0.0,0.2,0.1111111111111111,0.2,0.1,0.2,0.1111111111111111,0.2,0.2
54,2,3,0.0,0.0,0.0,0.0,0.2,0.3333333333333333,0.3333333333333333,0.08333333333333333,0.0,0.0,0.0,0.0,0.0,0.0,0.0,0.0
55,2,8,0.2,0.125,0.2,0.05,0.0,0.0,0.0,0.0,0.2,0.125,0.2,0.05,0.0,0.0,0.0,0.0
56,2,4,0.0,0.0,0.0,0.0,0.0,0.0,0.0,0.0,0.2,0.25,0.25,0.0625,0.0,0.0,0.0,0.0
57,2,4,0.2,0.25,0.25,0.25,0.2,0.25,0.25,0.08333333333333333,0.0,0.0,0.0,0.0,0.2,0.25,0.25,0.05
58,2,5,0.2,0.2,0.2,0.1,0.4,0.4,0.4,0.4,0.2,0.2,0.2,0.1,0.2,0.2,0.2,0.2
59,2,7,0.0,0.0,0.0,0.0,0.0,0.0,0.0,0.0,0.2,0.14285714285714285,0.2,0.04,0.0,0.0,0.0,0.0
60,2,15,0.0,0.0,0.0,0.0,0.2,0.06666666666666667,0.2,0.05,0.4,0.13333333333333333,0.4,0.2333333333333333,0.2,0.06666666666666667,0.2,0.06666666666666667
61,2,5,0.0,0.0,0.0,0.0,0.0,0.0,0.0,0.0,0.2,0.2,0.2,0.04,0.2,0.2,0.2,0.06666666666666667
62,2,6,0.0,0.0,0.0,0.0,0.4,0.3333333333333333,0.4,0.2,0.2,0.16666666666666666,0.2,0.1,0.0,0.0,0.0,0.0
63,2,6,0.0,0.0,0.0,0.0,0.4,0.3333333333333333,0.4,0.16666666666666666,0.0,0.0,0.0,0.0,0.0,0.0,0.0,0.0
64,2,8,0.4,0.25,0.4,0.2,0.2,0.125,0.2,0.04,0.2,0.125,0.2,0.05,0.0,0.0,0.0,0.0
65,2,6,0.2,0.16666666666666666,0.2,0.1,0.2,0.16666666666666666,0.2,0.06666666666666667,0.0,0.0,0.0,0.0,0.0,0.0,0.0,0.0
66,2,9,0.2,0.1111111111111111,0.2,0.04,0.2,0.1111111111111111,0.2,0.2,0.2,0.1111111111111111,0.2,0.2,0.2,0.1111111111111111,0.2,0.2
67,2,9,0.4,0.2222222222222222,0.4,0.16666666666666666,0.4,0.2222222222222222,0.4,0.14666666666666667,0.0,0.0,0.0,0.0,0.0,0.0,0.0,0.0
68,2,6,0.2,0.16666666666666666,0.2,0.2,0.2,0.16666666666666666,0.2,0.2,0.0,0.0,0.0,0.0,0.2,0.16666666666666666,0.2,0.04
69,2,6,0.4,0.3333333333333333,0.4,0.2,0.0,0.0,0.0,0.0,0.2,0.16666666666666666,0.2,0.06666666666666667,0.4,0.3333333333333333,0.4,0.4
70,2,6,0.0,0.0,0.0,0.0,0.2,0.16666666666666666,0.2,0.04,0.2,0.16666666666666666,0.2,0.1,0.0,0.0,0.0,0.0
71,2,4,0.0,0.0,0.0,0.0,0.2,0.25,0.25,0.05,0.0,0.0,0.0,0.0,0.0,0.0,0.0,0.0
72,2,9,0.4,0.2222222222222222,0.4,0.3333333333333333,0.4,0.2222222222222222,0.4,0.4,0.0,0.0,0.0,0.0,0.2,0.1111111111111111,0.2,0.06666666666666667
73,2,5,0.0,0.0,0.0,0.0,0.0,0.0,0.0,0.0,0.0,0.0,0.0,0.0,0.0,0.0,0.0,0.0
74,2,6,0.2,0.16666666666666666,0.2,0.06666666666666667,0.2,0.16666666666666666,0.2,0.05,0.0,0.0,0.0,0.0,0.0,0.0,0.0,0.0
75,2,6,0.2,0.16666666666666666,0.2,0.05,0.2,0.16666666666666666,0.2,0.04,0.2,0.16666666666666666,0.2,0.04,0.0,0.0,0.0,0.0
76,2,14,0.2,0.07142857142857142,0.2,0.2,0.6,0.21428571428571427,0.6,0.42000000000000004,0.2,0.07142857142857142,0.2,0.1,0.2,0.07142857142857142,0.2,0.04
77,2,12,0.0,0.0,0.0,0.0,0.4,0.16666666666666666,0.4,0.2,0.2,0.08333333333333333,0.2,0.1,0.0,0.0,0.0,0.0
78,2,7,0.0,0.0,0.0,0.0,0.0,0.0,0.0,0.0,0.0,0.0,0.0,0.0,0.0,0.0,0.0,0.0
79,2,6,0.0,0.0,0.0,0.0,0.2,0.16666666666666666,0.2,0.1,0.0,0.0,0.0,0.0,0.2,0.16666666666666666,0.2,0.05
80,2,3,0.2,0.3333333333333333,0.3333333333333333,0.16666666666666666,0.0,0.0,0.0,0.0,0.0,0.0,0.0,0.0,0.2,0.3333333333333333,0.3333333333333333,0.06666666666666667
81,2,6,0.0,0.0,0.0,0.0,0.0,0.0,0.0,0.0,0.2,0.16666666666666666,0.2,0.05,0.0,0.0,0.0,0.0
82,2,5,0.2,0.2,0.2,0.05,0.2,0.2,0.2,0.05,0.0,0.0,0.0,0.0,0.0,0.0,0.0,0.0
83,2,4,0.4,0.5,0.5,0.18333333333333335,0.0,0.0,0.0,0.0,0.0,0.0,0.0,0.0,0.2,0.25,0.25,0.0625
84,2,8,0.2,0.125,0.2,0.06666666666666667,0.4,0.25,0.4,0.3333333333333333,0.2,0.125,0.2,0.1,0.4,0.25,0.4,0.14666666666666667
85,2,4,0.2,0.25,0.25,0.05,0.0,0.0,0.0,0.0,0.0,0.0,0.0,0.0,0.2,0.25,0.25,0.05
86,2,4,0.0,0.0,0.0,0.0,0.0,0.0,0.0,0.0,0.0,0.0,0.0,0.0,0.0,0.0,0.0,0.0
87,2,5,0.0,0.0,0.0,0.0,0.4,0.4,0.4,0.27999999999999997,0.2,0.2,0.2,0.04,0.0,0.0,0.0,0.0
88,2,10,0.0,0.0,0.0,0.0,0.2,0.1,0.2,0.04,0.2,0.1,0.2,0.1,0.2,0.1,0.2,0.04
89,2,9,0.2,0.1111111111111111,0.2,0.05,0.2,0.1111111111111111,0.2,0.1,0.4,0.2222222222222222,0.4,0.2,0.0,0.0,0.0,0.0
90,2,5,0.4,0.4,0.4,0.2,0.0,0.0,0.0,0.0,0.0,0.0,0.0,0.0,0.2,0.2,0.2,0.1
91,2,5,0.4,0.4,0.4,0.14666666666666667,0.0,0.0,0.0,0.0,0.0,0.0,0.0,0.0,0.0,0.0,0.0,0.0
92,2,6,0.2,0.16666666666666666,0.2,0.06666666666666667,0.4,0.3333333333333333,0.4,0.2333333333333333,0.4,0.3333333333333333,0.4,0.27999999999999997,0.2,0.16666666666666666,0.2,0.2
93,2,5,0.0,0.0,0.0,0.0,0.2,0.2,0.2,0.04,0.2,0.2,0.2,0.04,0.0,0.0,0.0,0.0
94,2,7,0.0,0.0,0.0,0.0,0.0,0.0,0.0,0.0,0.0,0.0,0.0,0.0,0.0,0.0,0.0,0.0
95,2,3,0.0,0.0,0.0,0.0,0.0,0.0,0.0,0.0,0.0,0.0,0.0,0.0,0.0,0.0,0.0,0.0
96,2,3,0.2,0.3333333333333333,0.3333333333333333,0.06666666666666667,0.2,0.3333333333333333,0.3333333333333333,0.16666666666666666,0.2,0.3333333333333333,0.3333333333333333,0.3333333333333333,0.2,0.3333333333333333,0.3333333333333333,0.3333333333333333
97,2,5,0.0,0.0,0.0,0.0,0.2,0.2,0.2,0.1,0.0,0.0,0.0,0.0,0.2,0.2,0.2,0.06666666666666667
98,2,13,0.4,0.15384615384615385,0.4,0.3333333333333333,0.2,0.07692307692307693,0.2,0.1,0.2,0.07692307692307693,0.2,0.06666666666666667,0.2,0.07692307692307693,0.2,0.04
99,2,10,0.2,0.1,0.2,0.05,0.4,0.2,0.4,0.2,0.0,0.0,0.0,0.0,0.0,0.0,0.0,0.0
100,2,4,0.0,0.0,0.0,0.0,0.0,0.0,0.0,0.0,0.2,0.25,0.25,0.08333333333333333,0.0,0.0,0.0,0.0
101,2,4,0.0,0.0,0.0,0.0,0.0,0.0,0.0,0.0,0.0,0.0,0.0,0.0,0.0,0.0,0.0,0.0
102,2,9,0.0,0.0,0.0,0.0,0.0,0.0,0.0,0.0,0.2,0.1111111111111111,0.2,0.05,0.2,0.1111111111111111,0.2,0.1
103,2,15,0.4,0.13333333333333333,0.4,0.2,0.6,0.2,0.6,0.35333333333333333,0.2,0.06666666666666667,0.2,0.2,0.4,0.13333333333333333,0.4,0.4
104,2,5,0.0,0.0,0.0,0.0,0.0,0.0,0.0,0.0,0.0,0.0,0.0,0.0,0.0,0.0,0.0,0.0
105,2,4,0.2,0.25,0.25,0.25,0.2,0.25,0.25,0.25,0.2,0.25,0.25,0.0625,0.2,0.25,0.25,0.125
106,2,6,0.4,0.3333333333333333,0.4,0.18,0.2,0.16666666666666666,0.2,0.04,0.0,0.0,0.0,0.0,0.2,0.16666666666666666,0.2,0.1
107,2,4,0.0,0.0,0.0,0.0,0.2,0.25,0.25,0.08333333333333333,0.0,0.0,0.0,0.0,0.0,0.0,0.0,0.0
108,2,9,0.2,0.1111111111111111,0.2,0.04,0.4,0.2222222222222222,0.4,0.27999999999999997,0.0,0.0,0.0,0.0,0.0,0.0,0.0,0.0
109,2,14,0.2,0.07142857142857142,0.2,0.1,0.4,0.14285714285714285,0.4,0.16666666666666666,0.2,0.07142857142857142,0.2,0.2,0.0,0.0,0.0,0.0
110,2,3,0.0,0.0,0.0,0.0,0.2,0.3333333333333333,0.3333333333333333,0.06666666666666667,0.0,0.0,0.0,0.0,0.0,0.0,0.0,0.0
111,2,7,0.4,0.2857142857142857,0.4,0.16666666666666666,1.0,0.7142857142857143,1.0,1.0,0.2,0.14285714285714285,0.2,0.05,0.2,0.14285714285714285,0.2,0.06666666666666667
112,2,7,0.2,0.14285714285714285,0.2,0.1,0.4,0.2857142857142857,0.4,0.2333333333333333,0.2,0.14285714285714285,0.2,0.06666666666666667,0.2,0.14285714285714285,0.2,0.06666666666666667
113,2,3,0.2,0.3333333333333333,0.3333333333333333,0.16666666666666666,0.0,0.0,0.0,0.0,0.0,0.0,0.0,0.0,0.2,0.3333333333333333,0.3333333333333333,0.1111111111111111
114,2,4,0.0,0.0,0.0,0.0,0.0,0.0,0.0,0.0,0.4,0.5,0.5,0.1625,0.0,0.0,0.0,0.0
115,2,5,0.0,0.0,0.0,0.0,0.0,0.0,0.0,0.0,0.4,0.4,0.4,0.2,0.2,0.2,0.2,0.2
116,2,7,0.0,0.0,0.0,0.0,0.4,0.2857142857142857,0.4,0.13,0.2,0.14285714285714285,0.2,0.1,0.0,0.0,0.0,0.0
117,2,4,0.0,0.0,0.0,0.0,0.4,0.5,0.5,0.5,0.4,0.5,0.5,0.1625,0.2,0.25,0.25,0.0625
118,2,7,0.0,0.0,0.0,0.0,0.2,0.14285714285714285,0.2,0.06666666666666667,0.4,0.2857142857142857,0.4,0.4,0.2,0.14285714285714285,0.2,0.2
119,2,14,0.4,0.14285714285714285,0.4,0.16666666666666666,0.6,0.21428571428571427,0.6,0.3833333333333333,0.2,0.07142857142857142,0.2,0.2,0.4,0.14285714285714285,0.4,0.27999999999999997
120,2,6,0.0,0.0,0.0,0.0,0.0,0.0,0.0,0.0,0.4,0.3333333333333333,0.4,0.18,0.2,0.16666666666666666,0.2,0.1
121,2,14,0.4,0.14285714285714285,0.4,0.4,0.2,0.07142857142857142,0.2,0.2,0.2,0.07142857142857142,0.2,0.04,0.4,0.14285714285714285,0.4,0.2
122,2,7,0.6,0.42857142857142855,0.6,0.52,0.0,0.0,0.0,0.0,0.2,0.14285714285714285,0.2,0.04,0.2,0.14285714285714285,0.2,0.04
123,2,3,0.0,0.0,0.0,0.0,0.2,0.3333333333333333,0.3333333333333333,0.16666666666666666,0.0,0.0,0.0,0.0,0.0,0.0,0.0,0.0
124,2,6,0.2,0.16666666666666666,0.2,0.04,0.0,0.0,0.0,0.0,0.0,0.0,0.0,0.0,0.0,0.0,0.0,0.0
125,2,8,0.2,0.125,0.2,0.1,0.4,0.25,0.4,0.3,0.0,0.0,0.0,0.0,0.0,0.0,0.0,0.0
126,2,12,0.2,0.08333333333333333,0.2,0.04,0.2,0.08333333333333333,0.2,0.05,0.4,0.16666666666666666,0.4,0.14666666666666667,0.2,0.08333333333333333,0.2,0.05
127,2,9,0.2,0.1111111111111111,0.2,0.1,0.2,0.1111111111111111,0.2,0.2,0.2,0.1111111111111111,0.2,0.04,0.4,0.2222222222222222,0.4,0.2
128,2,6,0.4,0.3333333333333333,0.4,0.27999999999999997,0.0,0.0,0.0,0.0,0.0,0.0,0.0,0.0,0.2,0.16666666666666666,0.2,0.2
129,2,13,0.4,0.15384615384615385,0.4,0.3,0.2,0.07692307692307693,0.2,0.04,0.2,0.07692307692307693,0.2,0.2,0.2,0.07692307692307693,0.2,0.06666666666666667
130,2,3,0.0,0.0,0.0,0.0,0.0,0.0,0.0,0.0,0.2,0.3333333333333333,0.3333333333333333,0.06666666666666667,0.0,0.0,0.0,0.0
131,2,10,0.4,0.2,0.4,0.16666666666666666,0.4,0.2,0.4,0.16666666666666666,0.0,0.0,0.0,0.0,0.0,0.0,0.0,0.0
132,2,7,0.2,0.14285714285714285,0.2,0.05,0.2,0.14285714285714285,0.2,0.2,0.2,0.14285714285714285,0.2,0.05,0.0,0.0,0.0,0.0
133,2,13,0.6,0.23076923076923078,0.6,0.4533333333333333,0.2,0.07692307692307693,0.2,0.05,0.0,0.0,0.0,0.0,0.2,0.07692307692307693,0.2,0.04
134,2,7,0.2,0.14285714285714285,0.2,0.1,0.0,0.0,0.0,0.0,0.0,0.0,0.0,0.0,0.2,0.14285714285714285,0.2,0.06666666666666667
135,2,4,0.4,0.5,0.5,0.35,0.0,0.0,0.0,0.0,0.0,0.0,0.0,0.0,0.2,0.25,0.25,0.125
136,2,4,0.0,0.0,0.0,0.0,0.2,0.25,0.25,0.25,0.2,0.25,0.25,0.08333333333333333,0.0,0.0,0.0,0.0
137,2,6,0.0,0.0,0.0,0.0,0.0,0.0,0.0,0.0,0.0,0.0,0.0,0.0,0.0,0.0,0.0,0.0
138,2,3,0.2,0.3333333333333333,0.3333333333333333,0.3333333333333333,0.0,0.0,0.0,0.0,0.0,0.0,0.0,0.0,0.0,0.0,0.0,0.0
139,2,8,0.0,0.0,0.0,0.0,0.2,0.125,0.2,0.06666666666666667,0.2,0.125,0.2,0.2,0.2,0.125,0.2,0.2
140,2,8,0.2,0.125,0.2,0.2,0.0,0.0,0.0,0.0,0.4,0.25,0.4,0.18,0.2,0.125,0.2,0.2
141,2,4,0.2,0.25,0.25,0.05,0.0,0.0,0.0,0.0,0.2,0.25,0.25,0.08333333333333333,0.0,0.0,0.0,0.0
142,2,13,0.0,0.0,0.0,0.0,0.6,0.23076923076923078,0.6,0.55,0.2,0.07692307692307693,0.2,0.06666666666666667,0.4,0.15384615384615385,0.4,0.2
143,2,6,0.0,0.0,0.0,0.0,0.4,0.3333333333333333,0.4,0.16666666666666666,0.2,0.16666666666666666,0.2,0.1,0.2,0.16666666666666666,0.2,0.1
144,2,7,0.0,0.0,0.0,0.0,0.6,0.42857142857142855,0.6,0.42000000000000004,0.0,0.0,0.0,0.0,0.0,0.0,0.0,0.0
145,2,3,0.0,0.0,0.0,0.0,0.0,0.0,0.0,0.0,0.0,0.0,0.0,0.0,0.0,0.0,0.0,0.0
146,2,10,0.4,0.2,0.4,0.18,0.4,0.2,0.4,0.18,0.2,0.1,0.2,0.05,0.2,0.1,0.2,0.05
147,2,5,0.0,0.0,0.0,0.0,0.0,0.0,0.0,0.0,0.0,0.0,0.0,0.0,0.0,0.0,0.0,0.0
148,2,7,0.2,0.14285714285714285,0.2,0.2,0.2,0.14285714285714285,0.2,0.05,0.2,0.14285714285714285,0.2,0.04,0.4,0.2857142857142857,0.4,0.13
149,2,10,0.2,0.1,0.2,0.04,0.4,0.2,0.4,0.18,0.2,0.1,0.2,0.06666666666666667,0.2,0.1,0.2,0.04
150,2,5,0.0,0.0,0.0,0.0,0.2,0.2,0.2,0.05,0.0,0.0,0.0,0.0,0.0,0.0,0.0,0.0
151,2,6,0.2,0.16666666666666666,0.2,0.05,0.2,0.16666666666666666,0.2,0.05,0.4,0.3333333333333333,0.4,0.3,0.4,0.3333333333333333,0.4,0.4
152,2,7,0.2,0.14285714285714285,0.2,0.2,0.2,0.14285714285714285,0.2,0.05,0.0,0.0,0.0,0.0,0.0,0.0,0.0,0.0
153,2,11,0.0,0.0,0.0,0.0,0.4,0.18181818181818182,0.4,0.18,0.2,0.09090909090909091,0.2,0.2,0.2,0.09090909090909091,0.2,0.2
154,2,7,0.2,0.14285714285714285,0.2,0.1,0.0,0.0,0.0,0.0,0.2,0.14285714285714285,0.2,0.06666666666666667,0.2,0.14285714285714285,0.2,0.1
155,2,8,0.2,0.125,0.2,0.06666666666666667,0.2,0.125,0.2,0.2,0.4,0.25,0.4,0.4,0.6,0.375,0.6,0.52
156,2,6,0.2,0.16666666666666666,0.2,0.04,0.0,0.0,0.0,0.0,0.2,0.16666666666666666,0.2,0.1,0.0,0.0,0.0,0.0
157,2,9,0.0,0.0,0.0,0.0,0.2,0.1111111111111111,0.2,0.06666666666666667,0.4,0.2222222222222222,0.4,0.3,0.0,0.0,0.0,0.0
158,2,7,0.2,0.14285714285714285,0.2,0.04,0.4,0.2857142857142857,0.4,0.4,0.2,0.14285714285714285,0.2,0.1,0.0,0.0,0.0,0.0
159,2,7,0.0,0.0,0.0,0.0,0.2,0.14285714285714285,0.2,0.06666666666666667,0.2,0.14285714285714285,0.2,0.06666666666666667,0.2,0.14285714285714285,0.2,0.04
160,2,5,0.2,0.2,0.2,0.2,0.2,0.2,0.2,0.04,0.0,0.0,0.0,0.0,0.2,0.2,0.2,0.06666666666666667
161,2,7,0.0,0.0,0.0,0.0,0.8,0.5714285714285714,0.8,0.5433333333333333,0.2,0.14285714285714285,0.2,0.04,0.2,0.14285714285714285,0.2,0.04
162,2,5,0.0,0.0,0.0,0.0,0.0,0.0,0.0,0.0,0.2,0.2,0.2,0.06666666666666667,0.0,0.0,0.0,0.0
163,2,9,0.0,0.0,0.0,0.0,0.0,0.0,0.0,0.0,0.2,0.1111111111111111,0.2,0.04,0.0,0.0,0.0,0.0
164,2,4,0.2,0.25,0.25,0.125,0.0,0.0,0.0,0.0,0.0,0.0,0.0,0.0,0.2,0.25,0.25,0.08333333333333333
165,2,8,0.2,0.125,0.2,0.1,0.6,0.375,0.6,0.35333333333333333,0.4,0.25,0.4,0.13,0.2,0.125,0.2,0.1
166,2,6,0.4,0.3333333333333333,0.4,0.2,0.2,0.16666666666666666,0.2,0.04,0.0,0.0,0.0,0.0,0.0,0.0,0.0,0.0
167,2,5,0.0,0.0,0.0,0.0,0.2,0.2,0.2,0.05,0.4,0.4,0.4,0.4,0.4,0.4,0.4,0.3333333333333333
168,2,6,0.0,0.0,0.0,0.0,0.4,0.3333333333333333,0.4,0.4,0.2,0.16666666666666666,0.2,0.2,0.0,0.0,0.0,0.0
169,2,14,0.2,0.07142857142857142,0.2,0.2,0.4,0.14285714285714285,0.4,0.14666666666666667,0.2,0.07142857142857142,0.2,0.05,0.0,0.0,0.0,0.0
170,2,7,0.0,0.0,0.0,0.0,0.4,0.2857142857142857,0.4,0.16666666666666666,0.6,0.42857142857142855,0.6,0.42000000000000004,0.4,0.2857142857142857,0.4,0.16666666666666666
171,2,6,0.0,0.0,0.0,0.0,0.2,0.16666666666666666,0.2,0.06666666666666667,0.4,0.3333333333333333,0.4,0.2,0.4,0.3333333333333333,0.4,0.2
172,2,6,0.4,0.3333333333333333,0.4,0.2,0.2,0.16666666666666666,0.2,0.1,0.4,0.3333333333333333,0.4,0.4,0.6,0.5,0.6,0.52
173,2,9,0.0,0.0,0.0,0.0,0.2,0.1111111111111111,0.2,0.04,0.2,0.1111111111111111,0.2,0.04,0.2,0.1111111111111111,0.2,0.05
174,2,6,0.0,0.0,0.0,0.0,0.2,0.16666666666666666,0.2,0.06666666666666667,0.2,0.16666666666666666,0.2,0.05,0.0,0.0,0.0,0.0
175,2,5,0.0,0.0,0.0,0.0,0.0,0.0,0.0,0.0,0.2,0.2,0.2,0.06666666666666667,0.0,0.0,0.0,0.0
176,2,7,0.0,0.0,0.0,0.0,0.2,0.14285714285714285,0.2,0.2,0.2,0.14285714285714285,0.2,0.04,0.0,0.0,0.0,0.0
177,2,8,0.4,0.25,0.4,0.3,0.4,0.25,0.4,0.27999999999999997,0.0,0.0,0.0,0.0,0.4,0.25,0.4,0.2333333333333333
178,2,8,0.4,0.25,0.4,0.2,0.2,0.125,0.2,0.2,0.0,0.0,0.0,0.0,0.0,0.0,0.0,0.0
179,2,3,0.0,0.0,0.0,0.0,0.2,0.3333333333333333,0.3333333333333333,0.1111111111111111,0.0,0.0,0.0,0.0,0.0,0.0,0.0,0.0
180,2,7,0.2,0.14285714285714285,0.2,0.05,0.4,0.2857142857142857,0.4,0.2333333333333333,0.0,0.0,0.0,0.0,0.0,0.0,0.0,0.0
181,2,1,0.0,0.0,0.0,0.0,0.0,0.0,0.0,0.0,0.0,0.0,0.0,0.0,0.0,0.0,0.0,0.0
182,2,3,0.0,0.0,0.0,0.0,0.2,0.3333333333333333,0.3333333333333333,0.08333333333333333,0.2,0.3333333333333333,0.3333333333333333,0.16666666666666666,0.0,0.0,0.0,0.0
183,2,6,0.4,0.3333333333333333,0.4,0.27999999999999997,0.0,0.0,0.0,0.0,0.2,0.16666666666666666,0.2,0.1,0.2,0.16666666666666666,0.2,0.1
184,2,4,0.0,0.0,0.0,0.0,0.2,0.25,0.25,0.125,0.4,0.5,0.5,0.1625,0.2,0.25,0.25,0.08333333333333333
185,2,4,0.0,0.0,0.0,0.0,0.0,0.0,0.0,0.0,0.2,0.25,0.25,0.05,0.2,0.25,0.25,0.0625
186,2,9,0.0,0.0,0.0,0.0,0.2,0.1111111111111111,0.2,0.1,0.0,0.0,0.0,0.0,0.0,0.0,0.0,0.0
187,2,6,0.0,0.0,0.0,0.0,0.4,0.3333333333333333,0.4,0.3333333333333333,0.2,0.16666666666666666,0.2,0.2,0.2,0.16666666666666666,0.2,0.2
188,2,5,0.2,0.2,0.2,0.1,0.2,0.2,0.2,0.2,0.0,0.0,0.0,0.0,0.0,0.0,0.0,0.0
189,2,8,0.0,0.0,0.0,0.0,0.4,0.25,0.4,0.3333333333333333,0.0,0.0,0.0,0.0,0.0,0.0,0.0,0.0
190,2,13,0.2,0.07692307692307693,0.2,0.2,0.2,0.07692307692307693,0.2,0.2,0.2,0.07692307692307693,0.2,0.04,0.2,0.07692307692307693,0.2,0.05
191,2,9,0.2,0.1111111111111111,0.2,0.2,0.2,0.1111111111111111,0.2,0.1,0.0,0.0,0.0,0.0,0.2,0.1111111111111111,0.2,0.05
192,2,3,0.0,0.0,0.0,0.0,0.0,0.0,0.0,0.0,0.2,0.3333333333333333,0.3333333333333333,0.3333333333333333,0.2,0.3333333333333333,0.3333333333333333,0.3333333333333333
193,2,9,0.2,0.1111111111111111,0.2,0.1,0.2,0.1111111111111111,0.2,0.06666666666666667,0.0,0.0,0.0,0.0,0.2,0.1111111111111111,0.2,0.05
194,2,7,0.2,0.14285714285714285,0.2,0.2,0.4,0.2857142857142857,0.4,0.16666666666666666,0.0,0.0,0.0,0.0,0.2,0.14285714285714285,0.2,0.04
195,2,3,0.0,0.0,0.0,0.0,0.4,0.6666666666666666,0.6666666666666666,0.5,0.2,0.3333333333333333,0.3333333333333333,0.06666666666666667,0.0,0.0,0.0,0.0
196,2,4,0.0,0.0,0.0,0.0,0.2,0.25,0.25,0.0625,0.2,0.25,0.25,0.25,0.2,0.25,0.25,0.25
197,2,7,0.2,0.14285714285714285,0.2,0.05,0.2,0.14285714285714285,0.2,0.04,0.2,0.14285714285714285,0.2,0.06666666666666667,0.0,0.0,0.0,0.0
198,2,6,0.0,0.0,0.0,0.0,0.0,0.0,0.0,0.0,0.2,0.16666666666666666,0.2,0.05,0.2,0.16666666666666666,0.2,0.05
199,2,7,0.2,0.14285714285714285,0.2,0.1,0.0,0.0,0.0,0.0,0.2,0.14285714285714285,0.2,0.06666666666666667,0.2,0.14285714285714285,0.2,0.06666666666666667
200,2,4,0.0,0.0,0.0,0.0,0.4,0.5,0.5,0.29166666666666663,0.0,0.0,0.0,0.0,0.0,0.0,0.0,0.0
201,2,5,0.0,0.0,0.0,0.0,0.2,0.2,0.2,0.2,0.0,0.0,0.0,0.0,0.0,0.0,0.0,0.0
202,2,7,0.2,0.14285714285714285,0.2,0.05,0.0,0.0,0.0,0.0,0.4,0.2857142857142857,0.4,0.3333333333333333,0.6,0.42857142857142855,0.6,0.4533333333333333
203,2,13,0.2,0.07692307692307693,0.2,0.06666666666666667,0.2,0.07692307692307693,0.2,0.06666666666666667,0.2,0.07692307692307693,0.2,0.2,0.2,0.07692307692307693,0.2,0.2
204,2,6,0.0,0.0,0.0,0.0,0.2,0.16666666666666666,0.2,0.05,0.0,0.0,0.0,0.0,0.0,0.0,0.0,0.0
205,2,8,0.2,0.125,0.2,0.04,0.2,0.125,0.2,0.05,0.0,0.0,0.0,0.0,0.0,0.0,0.0,0.0
206,2,8,0.6,0.375,0.6,0.42000000000000004,0.2,0.125,0.2,0.06666666666666667,0.0,0.0,0.0,0.0,0.2,0.125,0.2,0.04
207,2,5,0.2,0.2,0.2,0.2,0.2,0.2,0.2,0.04,0.0,0.0,0.0,0.0,0.4,0.4,0.4,0.18
208,2,14,0.2,0.07142857142857142,0.2,0.05,0.4,0.14285714285714285,0.4,0.2333333333333333,0.2,0.07142857142857142,0.2,0.05,0.2,0.07142857142857142,0.2,0.06666666666666667
209,2,6,0.0,0.0,0.0,0.0,0.0,0.0,0.0,0.0,0.2,0.16666666666666666,0.2,0.06666666666666667,0.0,0.0,0.0,0.0
210,2,4,0.0,0.0,0.0,0.0,0.4,0.5,0.5,0.25,0.0,0.0,0.0,0.0,0.0,0.0,0.0,0.0
211,2,3,0.2,0.3333333333333333,0.3333333333333333,0.1111111111111111,0.2,0.3333333333333333,0.3333333333333333,0.16666666666666666,0.4,0.6666666666666666,0.6666666666666666,0.3333333333333333,0.2,0.3333333333333333,0.3333333333333333,0.16666666666666666
212,2,8,0.2,0.125,0.2,0.04,0.4,0.25,0.4,0.3,0.0,0.0,0.0,0.0,0.0,0.0,0.0,0.0
213,2,18,0.2,0.05555555555555555,0.2,0.2,0.4,0.1111111111111111,0.4,0.18,0.6,0.16666666666666666,0.6,0.32,0.2,0.05555555555555555,0.2,0.06666666666666667
214,2,3,0.2,0.3333333333333333,0.3333333333333333,0.1111111111111111,0.0,0.0,0.0,0.0,0.0,0.0,0.0,0.0,0.0,0.0,0.0,0.0
215,2,8,0.0,0.0,0.0,0.0,0.0,0.0,0.0,0.0,0.4,0.25,0.4,0.16666666666666666,0.2,0.125,0.2,0.1
216,2,4,0.0,0.0,0.0,0.0,0.0,0.0,0.0,0.0,0.2,0.25,0.25,0.125,0.0,0.0,0.0,0.0
217,2,10,0.4,0.2,0.4,0.13,0.8,0.4,0.8,0.8,0.4,0.2,0.4,0.27999999999999997,0.2,0.1,0.2,0.2
218,2,6,0.0,0.0,0.0,0.0,0.2,0.16666666666666666,0.2,0.05,0.2,0.16666666666666666,0.2,0.2,0.2,0.16666666666666666,0.2,0.2
219,2,5,0.2,0.2,0.2,0.1,0.0,0.0,0.0,0.0,0.0,0.0,0.0,0.0,0.0,0.0,0.0,0.0
220,2,5,0.0,0.0,0.0,0.0,0.0,0.0,0.0,0.0,0.0,0.0,0.0,0.0,0.0,0.0,0.0,0.0
221,2,11,0.0,0.0,0.0,0.0,0.4,0.18181818181818182,0.4,0.2,0.2,0.09090909090909091,0.2,0.2,0.4,0.18181818181818182,0.4,0.27999999999999997
222,2,3,0.0,0.0,0.0,0.0,0.2,0.3333333333333333,0.3333333333333333,0.3333333333333333,0.2,0.3333333333333333,0.3333333333333333,0.06666666666666667,0.2,0.3333333333333333,0.3333333333333333,0.16666666666666666
223,2,10,0.0,0.0,0.0,0.0,0.2,0.1,0.2,0.1,0.0,0.0,0.0,0.0,0.0,0.0,0.0,0.0
224,2,14,0.2,0.07142857142857142,0.2,0.04,0.6,0.21428571428571427,0.6,0.2866666666666666,0.6,0.21428571428571427,0.6,0.4833333333333333,0.8,0.2857142857142857,0.8,0.6433333333333333
225,2,6,0.0,0.0,0.0,0.0,0.0,0.0,0.0,0.0,0.2,0.16666666666666666,0.2,0.1,0.0,0.0,0.0,0.0
226,2,3,0.0,0.0,0.0,0.0,0.0,0.0,0.0,0.0,0.0,0.0,0.0,0.0,0.0,0.0,0.0,0.0
227,2,8,0.2,0.125,0.2,0.05,0.2,0.125,0.2,0.1,0.0,0.0,0.0,0.0,0.0,0.0,0.0,0.0
228,2,7,0.0,0.0,0.0,0.0,0.0,0.0,0.0,0.0,0.2,0.14285714285714285,0.2,0.2,0.2,0.14285714285714285,0.2,0.2
229,2,6,0.2,0.16666666666666666,0.2,0.04,0.0,0.0,0.0,0.0,0.2,0.16666666666666666,0.2,0.05,0.2,0.16666666666666666,0.2,0.05
230,2,3,0.0,0.0,0.0,0.0,0.0,0.0,0.0,0.0,0.0,0.0,0.0,0.0,0.0,0.0,0.0,0.0
231,2,7,0.2,0.14285714285714285,0.2,0.2,0.2,0.14285714285714285,0.2,0.1,0.2,0.14285714285714285,0.2,0.05,0.2,0.14285714285714285,0.2,0.1
232,2,4,0.0,0.0,0.0,0.0,0.2,0.25,0.25,0.08333333333333333,0.0,0.0,0.0,0.0,0.0,0.0,0.0,0.0
233,2,5,0.0,0.0,0.0,0.0,0.0,0.0,0.0,0.0,0.0,0.0,0.0,0.0,0.0,0.0,0.0,0.0
234,2,14,0.4,0.14285714285714285,0.4,0.16666666666666666,0.6,0.21428571428571427,0.6,0.35333333333333333,0.4,0.14285714285714285,0.4,0.2333333333333333,0.4,0.14285714285714285,0.4,0.14666666666666667
235,2,9,0.2,0.1111111111111111,0.2,0.04,0.4,0.2222222222222222,0.4,0.14666666666666667,0.0,0.0,0.0,0.0,0.0,0.0,0.0,0.0
236,2,6,0.4,0.3333333333333333,0.4,0.3333333333333333,0.2,0.16666666666666666,0.2,0.05,0.2,0.16666666666666666,0.2,0.2,0.2,0.16666666666666666,0.2,0.2
237,2,2,0.2,0.5,0.5,0.5,0.2,0.5,0.5,0.125,0.0,0.0,0.0,0.0,0.4,1.0,1.0,0.325
238,2,7,0.6,0.42857142857142855,0.6,0.2866666666666666,0.0,0.0,0.0,0.0,0.4,0.2857142857142857,0.4,0.18,0.4,0.2857142857142857,0.4,0.16666666666666666
239,2,7,0.0,0.0,0.0,0.0,0.4,0.2857142857142857,0.4,0.4,0.0,0.0,0.0,0.0,0.0,0.0,0.0,0.0
240,2,6,0.4,0.3333333333333333,0.4,0.4,0.2,0.16666666666666666,0.2,0.05,0.2,0.16666666666666666,0.2,0.2,0.4,0.3333333333333333,0.4,0.4
241,2,7,0.2,0.14285714285714285,0.2,0.1,0.4,0.2857142857142857,0.4,0.14666666666666667,0.2,0.14285714285714285,0.2,0.06666666666666667,0.4,0.2857142857142857,0.4,0.4
242,2,3,0.0,0.0,0.0,0.0,0.0,0.0,0.0,0.0,0.2,0.3333333333333333,0.3333333333333333,0.16666666666666666,0.2,0.3333333333333333,0.3333333333333333,0.1111111111111111
243,2,2,0.0,0.0,0.0,0.0,0.0,0.0,0.0,0.0,0.2,0.5,0.5,0.25,0.2,0.5,0.5,0.16666666666666666
244,2,6,0.0,0.0,0.0,0.0,0.0,0.0,0.0,0.0,0.4,0.3333333333333333,0.4,0.2333333333333333,0.2,0.16666666666666666,0.2,0.1
245,2,8,0.0,0.0,0.0,0.0,0.0,0.0,0.0,0.0,0.4,0.25,0.4,0.3,0.2,0.125,0.2,0.1
246,2,3,0.4,0.6666666666666666,0.6666666666666666,0.5,0.0,0.0,0.0,0.0,0.0,0.0,0.0,0.0,0.2,0.3333333333333333,0.3333333333333333,0.16666666666666666
247,2,8,0.2,0.125,0.2,0.06666666666666667,0.4,0.25,0.4,0.16666666666666666,0.2,0.125,0.2,0.05,0.0,0.0,0.0,0.0
248,2,6,0.0,0.0,0.0,0.0,0.0,0.0,0.0,0.0,0.2,0.16666666666666666,0.2,0.2,0.2,0.16666666666666666,0.2,0.06666666666666667
249,2,7,0.2,0.14285714285714285,0.2,0.04,0.0,0.0,0.0,0.0,0.0,0.0,0.0,0.0,0.2,0.14285714285714285,0.2,0.04
250,2,5,0.4,0.4,0.4,0.14666666666666667,0.6,0.6,0.6,0.2866666666666666,0.0,0.0,0.0,0.0,0.0,0.0,0.0,0.0
251,2,9,0.2,0.1111111111111111,0.2,0.1,0.2,0.1111111111111111,0.2,0.2,0.0,0.0,0.0,0.0,0.0,0.0,0.0,0.0
252,2,6,0.2,0.16666666666666666,0.2,0.06666666666666667,0.4,0.3333333333333333,0.4,0.13,0.0,0.0,0.0,0.0,0.0,0.0,0.0,0.0
253,2,6,0.2,0.16666666666666666,0.2,0.04,0.0,0.0,0.0,0.0,0.2,0.16666666666666666,0.2,0.2,0.0,0.0,0.0,0.0
254,2,6,0.0,0.0,0.0,0.0,0.2,0.16666666666666666,0.2,0.2,0.0,0.0,0.0,0.0,0.0,0.0,0.0,0.0
255,2,4,0.0,0.0,0.0,0.0,0.4,0.5,0.5,0.5,0.0,0.0,0.0,0.0,0.0,0.0,0.0,0.0
256,2,7,0.4,0.2857142857142857,0.4,0.2,0.0,0.0,0.0,0.0,0.2,0.14285714285714285,0.2,0.05,0.2,0.14285714285714285,0.2,0.06666666666666667
257,2,25,0.2,0.04,0.2,0.1,0.6,0.12,0.6,0.52,0.6,0.12,0.6,0.6,0.6,0.12,0.6,0.6
258,2,3,0.0,0.0,0.0,0.0,0.2,0.3333333333333333,0.3333333333333333,0.1111111111111111,0.0,0.0,0.0,0.0,0.0,0.0,0.0,0.0
259,2,3,0.0,0.0,0.0,0.0,0.0,0.0,0.0,0.0,0.0,0.0,0.0,0.0,0.0,0.0,0.0,0.0
260,2,14,0.4,0.14285714285714285,0.4,0.16666666666666666,0.2,0.07142857142857142,0.2,0.2,0.4,0.14285714285714285,0.4,0.14666666666666667,0.2,0.07142857142857142,0.2,0.05
261,2,8,0.2,0.125,0.2,0.2,0.4,0.25,0.4,0.2,0.2,0.125,0.2,0.2,0.4,0.25,0.4,0.27999999999999997
262,2,5,0.0,0.0,0.0,0.0,0.4,0.4,0.4,0.3333333333333333,0.2,0.2,0.2,0.05,0.0,0.0,0.0,0.0
263,2,5,0.2,0.2,0.2,0.2,0.4,0.4,0.4,0.18,0.0,0.0,0.0,0.0,0.2,0.2,0.2,0.06666666666666667
264,2,7,0.4,0.2857142857142857,0.4,0.4,0.0,0.0,0.0,0.0,0.0,0.0,0.0,0.0,0.0,0.0,0.0,0.0
265,2,5,0.2,0.2,0.2,0.05,0.2,0.2,0.2,0.2,0.0,0.0,0.0,0.0,0.0,0.0,0.0,0.0
266,2,8,0.2,0.125,0.2,0.2,0.0,0.0,0.0,0.0,0.2,0.125,0.2,0.2,0.4,0.25,0.4,0.3
267,2,12,0.4,0.16666666666666666,0.4,0.3333333333333333,0.6,0.25,0.6,0.55,0.0,0.0,0.0,0.0,0.2,0.08333333333333333,0.2,0.05
268,2,23,0.8,0.17391304347826086,0.8,0.71,0.8,0.17391304347826086,0.8,0.6433333333333333,0.2,0.043478260869565216,0.2,0.05,0.6,0.13043478260869565,0.6,0.6
269,2,3,0.0,0.0,0.0,0.0,0.0,0.0,0.0,0.0,0.0,0.0,0.0,0.0,0.0,0.0,0.0,0.0
270,2,4,0.2,0.25,0.25,0.05,0.0,0.0,0.0,0.0,0.4,0.5,0.5,0.5,0.2,0.25,0.25,0.25
271,2,3,0.0,0.0,0.0,0.0,0.0,0.0,0.0,0.0,0.0,0.0,0.0,0.0,0.0,0.0,0.0,0.0
272,2,6,0.0,0.0,0.0,0.0,0.0,0.0,0.0,0.0,0.2,0.16666666666666666,0.2,0.04,0.2,0.16666666666666666,0.2,0.05
273,2,2,0.2,0.5,0.5,0.16666666666666666,0.0,0.0,0.0,0.0,0.0,0.0,0.0,0.0,0.2,0.5,0.5,0.16666666666666666
274,2,5,0.2,0.2,0.2,0.06666666666666667,0.2,0.2,0.2,0.06666666666666667,0.2,0.2,0.2,0.05,0.2,0.2,0.2,0.1
275,2,6,0.2,0.16666666666666666,0.2,0.06666666666666667,0.6,0.5,0.6,0.6,0.0,0.0,0.0,0.0,0.2,0.16666666666666666,0.2,0.06666666666666667
276,2,7,0.2,0.14285714285714285,0.2,0.1,0.2,0.14285714285714285,0.2,0.1,0.2,0.14285714285714285,0.2,0.04,0.2,0.14285714285714285,0.2,0.04
277,2,3,0.0,0.0,0.0,0.0,0.0,0.0,0.0,0.0,0.0,0.0,0.0,0.0,0.0,0.0,0.0,0.0
278,2,8,0.2,0.125,0.2,0.2,0.4,0.25,0.4,0.27999999999999997,0.4,0.25,0.4,0.14666666666666667,0.2,0.125,0.2,0.04
279,2,7,0.0,0.0,0.0,0.0,0.0,0.0,0.0,0.0,0.4,0.2857142857142857,0.4,0.3,0.4,0.2857142857142857,0.4,0.13
280,2,7,0.2,0.14285714285714285,0.2,0.04,0.2,0.14285714285714285,0.2,0.04,0.4,0.2857142857142857,0.4,0.4,0.4,0.2857142857142857,0.4,0.4
281,2,3,0.0,0.0,0.0,0.0,0.0,0.0,0.0,0.0,0.0,0.0,0.0,0.0,0.0,0.0,0.0,0.0
282,2,9,0.2,0.1111111111111111,0.2,0.04,0.4,0.2222222222222222,0.4,0.14666666666666667,0.2,0.1111111111111111,0.2,0.04,0.0,0.0,0.0,0.0
283,2,7,0.0,0.0,0.0,0.0,0.2,0.14285714285714285,0.2,0.05,0.0,0.0,0.0,0.0,0.0,0.0,0.0,0.0
284,2,8,0.0,0.0,0.0,0.0,0.2,0.125,0.2,0.06666666666666667,0.0,0.0,0.0,0.0,0.0,0.0,0.0,0.0
285,2,7,0.0,0.0,0.0,0.0,0.4,0.2857142857142857,0.4,0.3333333333333333,0.2,0.14285714285714285,0.2,0.2,0.2,0.14285714285714285,0.2,0.2
286,2,4,0.0,0.0,0.0,0.0,0.0,0.0,0.0,0.0,0.0,0.0,0.0,0.0,0.0,0.0,0.0,0.0
287,2,5,0.2,0.2,0.2,0.06666666666666667,0.2,0.2,0.2,0.05,0.2,0.2,0.2,0.05,0.0,0.0,0.0,0.0
288,2,10,0.6,0.3,0.6,0.3833333333333333,0.4,0.2,0.4,0.2333333333333333,0.0,0.0,0.0,0.0,0.2,0.1,0.2,0.1
289,2,12,0.2,0.08333333333333333,0.2,0.04,0.4,0.16666666666666666,0.4,0.3333333333333333,0.0,0.0,0.0,0.0,0.0,0.0,0.0,0.0
290,2,6,0.2,0.16666666666666666,0.2,0.04,0.2,0.16666666666666666,0.2,0.2,0.2,0.16666666666666666,0.2,0.05,0.2,0.16666666666666666,0.2,0.04
291,2,8,0.2,0.125,0.2,0.06666666666666667,0.2,0.125,0.2,0.04,0.2,0.125,0.2,0.2,0.4,0.25,0.4,0.2
292,2,6,0.2,0.16666666666666666,0.2,0.2,0.2,0.16666666666666666,0.2,0.06666666666666667,0.2,0.16666666666666666,0.2,0.2,0.4,0.3333333333333333,0.4,0.14666666666666667
293,2,4,0.2,0.25,0.25,0.0625,0.0,0.0,0.0,0.0,0.6,0.75,0.75,0.75,0.4,0.5,0.5,0.29166666666666663
294,2,8,0.4,0.25,0.4,0.18,0.2,0.125,0.2,0.2,0.2,0.125,0.2,0.05,0.2,0.125,0.2,0.04
295,2,3,0.0,0.0,0.0,0.0,0.0,0.0,0.0,0.0,0.0,0.0,0.0,0.0,0.0,0.0,0.0,0.0
296,2,6,0.0,0.0,0.0,0.0,0.0,0.0,0.0,0.0,0.0,0.0,0.0,0.0,0.2,0.16666666666666666,0.2,0.05
297,2,3,0.2,0.3333333333333333,0.3333333333333333,0.16666666666666666,0.0,0.0,0.0,0.0,0.0,0.0,0.0,0.0,0.2,0.3333333333333333,0.3333333333333333,0.08333333333333333
298,2,3,0.0,0.0,0.0,0.0,0.0,0.0,0.0,0.0,0.0,0.0,0.0,0.0,0.0,0.0,0.0,0.0
299,2,6,0.2,0.16666666666666666,0.2,0.1,0.2,0.16666666666666666,0.2,0.05,0.0,0.0,0.0,0.0,0.4,0.3333333333333333,0.4,0.14666666666666667
300,2,7,0.0,0.0,0.0,0.0,0.2,0.14285714285714285,0.2,0.2,0.0,0.0,0.0,0.0,0.0,0.0,0.0,0.0
301,2,12,0.4,0.16666666666666666,0.4,0.2333333333333333,0.4,0.16666666666666666,0.4,0.2333333333333333,0.4,0.16666666666666666,0.4,0.3,0.4,0.16666666666666666,0.4,0.3
302,2,8,0.2,0.125,0.2,0.06666666666666667,0.2,0.125,0.2,0.2,0.0,0.0,0.0,0.0,0.2,0.125,0.2,0.05
303,2,3,0.0,0.0,0.0,0.0,0.0,0.0,0.0,0.0,0.0,0.0,0.0,0.0,0.0,0.0,0.0,0.0
304,2,6,0.2,0.16666666666666666,0.2,0.2,0.2,0.16666666666666666,0.2,0.04,0.2,0.16666666666666666,0.2,0.2,0.2,0.16666666666666666,0.2,0.2
305,2,8,0.0,0.0,0.0,0.0,0.0,0.0,0.0,0.0,0.0,0.0,0.0,0.0,0.0,0.0,0.0,0.0
306,2,5,0.0,0.0,0.0,0.0,0.0,0.0,0.0,0.0,0.0,0.0,0.0,0.0,0.0,0.0,0.0,0.0
307,2,6,0.2,0.16666666666666666,0.2,0.1,0.0,0.0,0.0,0.0,0.0,0.0,0.0,0.0,0.2,0.16666666666666666,0.2,0.05
308,2,9,0.2,0.1111111111111111,0.2,0.06666666666666667,0.4,0.2222222222222222,0.4,0.2333333333333333,0.2,0.1111111111111111,0.2,0.04,0.2,0.1111111111111111,0.2,0.05
309,2,8,0.0,0.0,0.0,0.0,0.0,0.0,0.0,0.0,0.4,0.25,0.4,0.18,0.2,0.125,0.2,0.05
310,2,3,0.2,0.3333333333333333,0.3333333333333333,0.3333333333333333,0.2,0.3333333333333333,0.3333333333333333,0.08333333333333333,0.0,0.0,0.0,0.0,0.2,0.3333333333333333,0.3333333333333333,0.16666666666666666
311,2,5,0.2,0.2,0.2,0.2,0.0,0.0,0.0,0.0,0.2,0.2,0.2,0.04,0.2,0.2,0.2,0.1
312,2,8,0.2,0.125,0.2,0.06666666666666667,0.0,0.0,0.0,0.0,0.2,0.125,0.2,0.04,0.2,0.125,0.2,0.05
313,2,8,0.2,0.125,0.2,0.1,0.4,0.25,0.4,0.2,0.2,0.125,0.2,0.04,0.4,0.25,0.4,0.2
314,2,8,0.0,0.0,0.0,0.0,0.2,0.125,0.2,0.2,0.0,0.0,0.0,0.0,0.0,0.0,0.0,0.0
315,2,6,0.2,0.16666666666666666,0.2,0.06666666666666667,0.2,0.16666666666666666,0.2,0.1,0.0,0.0,0.0,0.0,0.0,0.0,0.0,0.0
316,2,5,0.4,0.4,0.4,0.3,0.2,0.2,0.2,0.2,0.0,0.0,0.0,0.0,0.2,0.2,0.2,0.05
317,2,5,0.4,0.4,0.4,0.13,0.2,0.2,0.2,0.2,0.0,0.0,0.0,0.0,0.0,0.0,0.0,0.0
318,2,6,0.2,0.16666666666666666,0.2,0.05,0.2,0.16666666666666666,0.2,0.05,0.6,0.5,0.6,0.4833333333333333,0.4,0.3333333333333333,0.4,0.4
319,2,7,0.0,0.0,0.0,0.0,0.2,0.14285714285714285,0.2,0.05,0.0,0.0,0.0,0.0,0.0,0.0,0.0,0.0
320,2,7,0.2,0.14285714285714285,0.2,0.2,0.0,0.0,0.0,0.0,0.4,0.2857142857142857,0.4,0.16666666666666666,0.6,0.42857142857142855,0.6,0.32
321,2,8,0.0,0.0,0.0,0.0,0.2,0.125,0.2,0.1,0.2,0.125,0.2,0.1,0.0,0.0,0.0,0.0
322,2,8,0.0,0.0,0.0,0.0,0.2,0.125,0.2,0.2,0.0,0.0,0.0,0.0,0.0,0.0,0.0,0.0
323,2,5,0.2,0.2,0.2,0.04,0.0,0.0,0.0,0.0,0.4,0.4,0.4,0.18,0.2,0.2,0.2,0.05
324,2,6,0.2,0.16666666666666666,0.2,0.2,0.0,0.0,0.0,0.0,0.2,0.16666666666666666,0.2,0.05,0.2,0.16666666666666666,0.2,0.1
325,2,12,0.2,0.08333333333333333,0.2,0.05,0.0,0.0,0.0,0.0,0.4,0.16666666666666666,0.4,0.14666666666666667,0.0,0.0,0.0,0.0
326,2,3,0.2,0.3333333333333333,0.3333333333333333,0.06666666666666667,0.2,0.3333333333333333,0.3333333333333333,0.16666666666666666,0.0,0.0,0.0,0.0,0.0,0.0,0.0,0.0
327,2,7,0.2,0.14285714285714285,0.2,0.04,0.2,0.14285714285714285,0.2,0.04,0.0,0.0,0.0,0.0,0.0,0.0,0.0,0.0
328,2,6,0.0,0.0,0.0,0.0,0.2,0.16666666666666666,0.2,0.2,0.0,0.0,0.0,0.0,0.0,0.0,0.0,0.0
329,2,12,0.2,0.08333333333333333,0.2,0.2,0.4,0.16666666666666666,0.4,0.27999999999999997,0.4,0.16666666666666666,0.4,0.27999999999999997,0.4,0.16666666666666666,0.4,0.3
330,2,3,0.0,0.0,0.0,0.0,0.0,0.0,0.0,0.0,0.0,0.0,0.0,0.0,0.0,0.0,0.0,0.0
331,2,5,0.0,0.0,0.0,0.0,0.2,0.2,0.2,0.1,0.2,0.2,0.2,0.06666666666666667,0.0,0.0,0.0,0.0
332,2,9,0.0,0.0,0.0,0.0,0.0,0.0,0.0,0.0,0.0,0.0,0.0,0.0,0.0,0.0,0.0,0.0
333,2,6,0.2,0.16666666666666666,0.2,0.1,0.2,0.16666666666666666,0.2,0.04,0.0,0.0,0.0,0.0,0.2,0.16666666666666666,0.2,0.04
334,2,4,0.2,0.25,0.25,0.25,0.0,0.0,0.0,0.0,0.0,0.0,0.0,0.0,0.2,0.25,0.25,0.0625
335,2,4,0.0,0.0,0.0,0.0,0.2,0.25,0.25,0.05,0.0,0.0,0.0,0.0,0.0,0.0,0.0,0.0
336,2,4,0.0,0.0,0.0,0.0,0.2,0.25,0.25,0.0625,0.2,0.25,0.25,0.125,0.0,0.0,0.0,0.0
337,2,7,0.2,0.14285714285714285,0.2,0.04,0.2,0.14285714285714285,0.2,0.05,0.0,0.0,0.0,0.0,0.0,0.0,0.0,0.0
338,2,3,0.0,0.0,0.0,0.0,0.0,0.0,0.0,0.0,0.0,0.0,0.0,0.0,0.0,0.0,0.0,0.0
339,2,4,0.2,0.25,0.25,0.08333333333333333,0.2,0.25,0.25,0.08333333333333333,0.0,0.0,0.0,0.0,0.0,0.0,0.0,0.0
340,2,4,0.2,0.25,0.25,0.125,0.4,0.5,0.5,0.1625,0.0,0.0,0.0,0.0,0.2,0.25,0.25,0.0625
341,2,6,0.0,0.0,0.0,0.0,0.0,0.0,0.0,0.0,0.0,0.0,0.0,0.0,0.0,0.0,0.0,0.0
342,2,3,0.0,0.0,0.0,0.0,0.2,0.3333333333333333,0.3333333333333333,0.3333333333333333,0.0,0.0,0.0,0.0,0.0,0.0,0.0,0.0
343,2,5,0.2,0.2,0.2,0.1,0.2,0.2,0.2,0.06666666666666667,0.0,0.0,0.0,0.0,0.2,0.2,0.2,0.06666666666666667
344,2,7,0.2,0.14285714285714285,0.2,0.06666666666666667,0.4,0.2857142857142857,0.4,0.2,0.4,0.2857142857142857,0.4,0.18,0.4,0.2857142857142857,0.4,0.2
345,2,5,0.0,0.0,0.0,0.0,0.0,0.0,0.0,0.0,0.0,0.0,0.0,0.0,0.0,0.0,0.0,0.0
346,2,7,0.2,0.14285714285714285,0.2,0.1,0.0,0.0,0.0,0.0,0.0,0.0,0.0,0.0,0.2,0.14285714285714285,0.2,0.06666666666666667
347,2,7,0.2,0.14285714285714285,0.2,0.1,0.2,0.14285714285714285,0.2,0.2,0.0,0.0,0.0,0.0,0.2,0.14285714285714285,0.2,0.1
348,2,8,0.0,0.0,0.0,0.0,0.2,0.125,0.2,0.04,0.4,0.25,0.4,0.2333333333333333,0.4,0.25,0.4,0.27999999999999997
349,2,7,0.2,0.14285714285714285,0.2,0.1,0.2,0.14285714285714285,0.2,0.2,0.2,0.14285714285714285,0.2,0.1,0.4,0.2857142857142857,0.4,0.14666666666666667
350,2,2,0.0,0.0,0.0,0.0,0.0,0.0,0.0,0.0,0.0,0.0,0.0,0.0,0.0,0.0,0.0,0.0
351,2,7,0.0,0.0,0.0,0.0,0.2,0.14285714285714285,0.2,0.2,0.2,0.14285714285714285,0.2,0.06666666666666667,0.0,0.0,0.0,0.0
352,2,7,0.2,0.14285714285714285,0.2,0.05,0.4,0.2857142857142857,0.4,0.3333333333333333,0.2,0.14285714285714285,0.2,0.1,0.0,0.0,0.0,0.0
353,2,15,0.2,0.06666666666666667,0.2,0.05,0.2,0.06666666666666667,0.2,0.1,0.4,0.13333333333333333,0.4,0.2,0.4,0.13333333333333333,0.4,0.14666666666666667
354,2,4,0.2,0.25,0.25,0.0625,0.4,0.5,0.5,0.25,0.0,0.0,0.0,0.0,0.0,0.0,0.0,0.0
355,2,7,0.2,0.14285714285714285,0.2,0.06666666666666667,0.2,0.14285714285714285,0.2,0.2,0.0,0.0,0.0,0.0,0.0,0.0,0.0,0.0
356,2,6,0.0,0.0,0.0,0.0,0.2,0.16666666666666666,0.2,0.05,0.2,0.16666666666666666,0.2,0.2,0.2,0.16666666666666666,0.2,0.2
357,2,5,0.0,0.0,0.0,0.0,0.4,0.4,0.4,0.27999999999999997,0.0,0.0,0.0,0.0,0.0,0.0,0.0,0.0
358,2,6,0.0,0.0,0.0,0.0,0.4,0.3333333333333333,0.4,0.18,0.2,0.16666666666666666,0.2,0.06666666666666667,0.2,0.16666666666666666,0.2,0.06666666666666667
359,2,12,0.0,0.0,0.0,0.0,0.4,0.16666666666666666,0.4,0.3333333333333333,0.2,0.08333333333333333,0.2,0.04,0.0,0.0,0.0,0.0
360,2,6,0.4,0.3333333333333333,0.4,0.16666666666666666,0.2,0.16666666666666666,0.2,0.2,0.0,0.0,0.0,0.0,0.0,0.0,0.0,0.0
361,2,4,0.2,0.25,0.25,0.05,0.0,0.0,0.0,0.0,0.2,0.25,0.25,0.125,0.2,0.25,0.25,0.08333333333333333
362,2,5,0.0,0.0,0.0,0.0,0.0,0.0,0.0,0.0,0.0,0.0,0.0,0.0,0.2,0.2,0.2,0.05
363,2,8,0.4,0.25,0.4,0.27999999999999997,0.2,0.125,0.2,0.1,0.2,0.125,0.2,0.05,0.2,0.125,0.2,0.04
364,2,3,0.0,0.0,0.0,0.0,0.2,0.3333333333333333,0.3333333333333333,0.06666666666666667,0.0,0.0,0.0,0.0,0.0,0.0,0.0,0.0
365,2,5,0.2,0.2,0.2,0.06666666666666667,0.2,0.2,0.2,0.04,0.2,0.2,0.2,0.05,0.2,0.2,0.2,0.06666666666666667
366,2,6,0.0,0.0,0.0,0.0,0.2,0.16666666666666666,0.2,0.2,0.2,0.16666666666666666,0.2,0.2,0.2,0.16666666666666666,0.2,0.2
367,2,11,0.0,0.0,0.0,0.0,0.0,0.0,0.0,0.0,0.2,0.09090909090909091,0.2,0.1,0.2,0.09090909090909091,0.2,0.1
368,2,2,0.0,0.0,0.0,0.0,0.0,0.0,0.0,0.0,0.0,0.0,0.0,0.0,0.0,0.0,0.0,0.0
369,2,8,0.0,0.0,0.0,0.0,0.2,0.125,0.2,0.05,0.2,0.125,0.2,0.05,0.0,0.0,0.0,0.0
370,2,5,0.2,0.2,0.2,0.06666666666666667,0.2,0.2,0.2,0.06666666666666667,0.0,0.0,0.0,0.0,0.0,0.0,0.0,0.0
371,2,5,0.2,0.2,0.2,0.06666666666666667,0.2,0.2,0.2,0.04,0.2,0.2,0.2,0.1,0.2,0.2,0.2,0.1
372,2,9,0.0,0.0,0.0,0.0,0.4,0.2222222222222222,0.4,0.3333333333333333,0.4,0.2222222222222222,0.4,0.27999999999999997,0.2,0.1111111111111111,0.2,0.04
373,2,6,0.0,0.0,0.0,0.0,0.0,0.0,0.0,0.0,0.2,0.16666666666666666,0.2,0.06666666666666667,0.2,0.16666666666666666,0.2,0.1
374,2,8,0.2,0.125,0.2,0.06666666666666667,0.2,0.125,0.2,0.1,0.0,0.0,0.0,0.0,0.0,0.0,0.0,0.0
375,2,5,0.2,0.2,0.2,0.04,0.0,0.0,0.0,0.0,0.2,0.2,0.2,0.2,0.2,0.2,0.2,0.05
376,2,5,0.2,0.2,0.2,0.06666666666666667,0.4,0.4,0.4,0.2,0.2,0.2,0.2,0.2,0.2,0.2,0.2,0.2
377,2,13,0.4,0.15384615384615385,0.4,0.13,0.2,0.07692307692307693,0.2,0.2,0.6,0.23076923076923078,0.6,0.4833333333333333,0.6,0.23076923076923078,0.6,0.4833333333333333
378,2,8,0.4,0.25,0.4,0.14666666666666667,0.2,0.125,0.2,0.05,0.2,0.125,0.2,0.2,0.2,0.125,0.2,0.2
379,2,9,0.0,0.0,0.0,0.0,0.2,0.1111111111111111,0.2,0.04,0.0,0.0,0.0,0.0,0.0,0.0,0.0,0.0
380,2,13,0.2,0.07692307692307693,0.2,0.1,0.6,0.23076923076923078,0.6,0.42000000000000004,0.2,0.07692307692307693,0.2,0.2,0.6,0.23076923076923078,0.6,0.42000000000000004
381,2,8,0.0,0.0,0.0,0.0,0.2,0.125,0.2,0.06666666666666667,0.2,0.125,0.2,0.2,0.0,0.0,0.0,0.0
382,2,7,0.4,0.2857142857142857,0.4,0.13,0.2,0.14285714285714285,0.2,0.06666666666666667,0.0,0.0,0.0,0.0,0.2,0.14285714285714285,0.2,0.05
383,2,7,0.4,0.2857142857142857,0.4,0.18,0.0,0.0,0.0,0.0,0.2,0.14285714285714285,0.2,0.05,0.2,0.14285714285714285,0.2,0.06666666666666667
384,2,7,0.0,0.0,0.0,0.0,0.2,0.14285714285714285,0.2,0.1,0.2,0.14285714285714285,0.2,0.06666666666666667,0.2,0.14285714285714285,0.2,0.2
385,2,8,0.2,0.125,0.2,0.2,0.2,0.125,0.2,0.2,0.2,0.125,0.2,0.05,0.4,0.25,0.4,0.27999999999999997
386,2,3,0.0,0.0,0.0,0.0,0.0,0.0,0.0,0.0,0.0,0.0,0.0,0.0,0.0,0.0,0.0,0.0
387,2,3,0.0,0.0,0.0,0.0,0.0,0.0,0.0,0.0,0.0,0.0,0.0,0.0,0.0,0.0,0.0,0.0
388,2,8,0.2,0.125,0.2,0.06666666666666667,0.2,0.125,0.2,0.05,0.4,0.25,0.4,0.2333333333333333,0.4,0.25,0.4,0.27999999999999997
389,2,6,0.2,0.16666666666666666,0.2,0.06666666666666667,0.0,0.0,0.0,0.0,0.0,0.0,0.0,0.0,0.0,0.0,0.0,0.0
390,2,13,0.4,0.15384615384615385,0.4,0.3333333333333333,0.2,0.07692307692307693,0.2,0.05,0.0,0.0,0.0,0.0,0.0,0.0,0.0,0.0
391,2,8,0.2,0.125,0.2,0.05,0.2,0.125,0.2,0.1,0.2,0.125,0.2,0.05,0.2,0.125,0.2,0.06666666666666667
392,2,6,0.4,0.3333333333333333,0.4,0.18,0.0,0.0,0.0,0.0,0.0,0.0,0.0,0.0,0.4,0.3333333333333333,0.4,0.13
393,2,6,0.0,0.0,0.0,0.0,0.0,0.0,0.0,0.0,0.0,0.0,0.0,0.0,0.0,0.0,0.0,0.0
394,2,4,0.0,0.0,0.0,0.0,0.4,0.5,0.5,0.35,0.4,0.5,0.5,0.225,0.2,0.25,0.25,0.25
395,2,6,0.2,0.16666666666666666,0.2,0.04,0.2,0.16666666666666666,0.2,0.04,0.2,0.16666666666666666,0.2,0.1,0.0,0.0,0.0,0.0
396,2,7,0.4,0.2857142857142857,0.4,0.3333333333333333,0.2,0.14285714285714285,0.2,0.1,0.4,0.2857142857142857,0.4,0.14666666666666667,0.2,0.14285714285714285,0.2,0.04
397,2,9,0.2,0.1111111111111111,0.2,0.1,0.2,0.1111111111111111,0.2,0.04,0.2,0.1111111111111111,0.2,0.06666666666666667,0.2,0.1111111111111111,0.2,0.04
398,2,6,0.0,0.0,0.0,0.0,0.0,0.0,0.0,0.0,0.4,0.3333333333333333,0.4,0.16666666666666666,0.0,0.0,0.0,0.0
399,2,6,0.2,0.16666666666666666,0.2,0.05,0.4,0.3333333333333333,0.4,0.27999999999999997,0.2,0.16666666666666666,0.2,0.1,0.0,0.0,0.0,0.0
400,2,3,0.2,0.3333333333333333,0.3333333333333333,0.1111111111111111,0.0,0.0,0.0,0.0,0.0,0.0,0.0,0.0,0.0,0.0,0.0,0.0
401,2,8,0.0,0.0,0.0,0.0,0.0,0.0,0.0,0.0,0.2,0.125,0.2,0.05,0.0,0.0,0.0,0.0
402,2,3,0.0,0.0,0.0,0.0,0.2,0.3333333333333333,0.3333333333333333,0.08333333333333333,0.0,0.0,0.0,0.0,0.0,0.0,0.0,0.0
403,2,12,0.4,0.16666666666666666,0.4,0.14666666666666667,0.6,0.25,0.6,0.55,0.4,0.16666666666666666,0.4,0.27999999999999997,0.6,0.25,0.6,0.42000000000000004
404,2,12,0.2,0.08333333333333333,0.2,0.06666666666666667,0.4,0.16666666666666666,0.4,0.2,0.0,0.0,0.0,0.0,0.0,0.0,0.0,0.0
405,2,3,0.0,0.0,0.0,0.0,0.0,0.0,0.0,0.0,0.0,0.0,0.0,0.0,0.0,0.0,0.0,0.0
406,2,3,0.2,0.3333333333333333,0.3333333333333333,0.06666666666666667,0.2,0.3333333333333333,0.3333333333333333,0.1111111111111111,0.0,0.0,0.0,0.0,0.0,0.0,0.0,0.0
407,2,3,0.4,0.6666666666666666,0.6666666666666666,0.3333333333333333,0.2,0.3333333333333333,0.3333333333333333,0.06666666666666667,0.0,0.0,0.0,0.0,0.2,0.3333333333333333,0.3333333333333333,0.3333333333333333
408,2,14,0.4,0.14285714285714285,0.4,0.2333333333333333,0.6,0.21428571428571427,0.6,0.35333333333333333,0.4,0.14285714285714285,0.4,0.3333333333333333,0.4,0.14285714285714285,0.4,0.3
409,2,7,0.0,0.0,0.0,0.0,0.2,0.14285714285714285,0.2,0.1,0.0,0.0,0.0,0.0,0.0,0.0,0.0,0.0
410,2,22,0.6,0.13636363636363635,0.6,0.32,0.8,0.18181818181818182,0.8,0.76,0.6,0.13636363636363635,0.6,0.4833333333333333,0.0,0.0,0.0,0.0
411,2,4,0.0,0.0,0.0,0.0,0.0,0.0,0.0,0.0,0.2,0.25,0.25,0.25,0.2,0.25,0.25,0.25
412,2,3,0.0,0.0,0.0,0.0,0.0,0.0,0.0,0.0,0.0,0.0,0.0,0.0,0.0,0.0,0.0,0.0
413,2,6,0.6,0.5,0.6,0.3833333333333333,0.0,0.0,0.0,0.0,0.0,0.0,0.0,0.0,0.0,0.0,0.0,0.0
414,2,10,0.4,0.2,0.4,0.27999999999999997,0.4,0.2,0.4,0.27999999999999997,0.4,0.2,0.4,0.13,0.2,0.1,0.2,0.04
415,2,6,0.4,0.3333333333333333,0.4,0.2333333333333333,0.0,0.0,0.0,0.0,0.0,0.0,0.0,0.0,0.0,0.0,0.0,0.0
416,2,14,0.4,0.14285714285714285,0.4,0.16666666666666666,0.4,0.14285714285714285,0.4,0.18,0.2,0.07142857142857142,0.2,0.06666666666666667,0.2,0.07142857142857142,0.2,0.1
417,2,6,0.0,0.0,0.0,0.0,0.4,0.3333333333333333,0.4,0.3333333333333333,0.0,0.0,0.0,0.0,0.0,0.0,0.0,0.0
418,2,9,0.2,0.1111111111111111,0.2,0.04,0.4,0.2222222222222222,0.4,0.3,0.2,0.1111111111111111,0.2,0.06666666666666667,0.0,0.0,0.0,0.0
419,2,3,0.0,0.0,0.0,0.0,0.2,0.3333333333333333,0.3333333333333333,0.16666666666666666,0.2,0.3333333333333333,0.3333333333333333,0.08333333333333333,0.2,0.3333333333333333,0.3333333333333333,0.06666666666666667
420,2,6,0.6,0.5,0.6,0.2866666666666666,0.2,0.16666666666666666,0.2,0.1,0.2,0.16666666666666666,0.2,0.2,0.2,0.16666666666666666,0.2,0.2
421,2,4,0.0,0.0,0.0,0.0,0.0,0.0,0.0,0.0,0.2,0.25,0.25,0.125,0.0,0.0,0.0,0.0
422,2,8,0.2,0.125,0.2,0.05,0.0,0.0,0.0,0.0,0.2,0.125,0.2,0.1,0.2,0.125,0.2,0.2
423,2,4,0.0,0.0,0.0,0.0,0.0,0.0,0.0,0.0,0.2,0.25,0.25,0.25,0.2,0.25,0.25,0.25
424,2,8,0.2,0.125,0.2,0.2,0.2,0.125,0.2,0.04,0.0,0.0,0.0,0.0,0.2,0.125,0.2,0.05
425,2,8,0.0,0.0,0.0,0.0,0.0,0.0,0.0,0.0,0.4,0.25,0.4,0.3,0.2,0.125,0.2,0.1
426,2,3,0.2,0.3333333333333333,0.3333333333333333,0.3333333333333333,0.4,0.6666666666666666,0.6666666666666666,0.38888888888888884,0.2,0.3333333333333333,0.3333333333333333,0.3333333333333333,0.4,0.6666666666666666,0.6666666666666666,0.6666666666666666
427,2,4,0.0,0.0,0.0,0.0,0.0,0.0,0.0,0.0,0.0,0.0,0.0,0.0,0.0,0.0,0.0,0.0
428,2,12,0.4,0.16666666666666666,0.4,0.2333333333333333,0.2,0.08333333333333333,0.2,0.05,0.0,0.0,0.0,0.0,0.0,0.0,0.0,0.0
429,2,3,0.0,0.0,0.0,0.0,0.0,0.0,0.0,0.0,0.0,0.0,0.0,0.0,0.0,0.0,0.0,0.0
430,2,3,0.0,0.0,0.0,0.0,0.0,0.0,0.0,0.0,0.0,0.0,0.0,0.0,0.0,0.0,0.0,0.0
431,2,5,0.0,0.0,0.0,0.0,0.2,0.2,0.2,0.1,0.2,0.2,0.2,0.06666666666666667,0.0,0.0,0.0,0.0
432,2,6,0.2,0.16666666666666666,0.2,0.06666666666666667,0.2,0.16666666666666666,0.2,0.06666666666666667,0.0,0.0,0.0,0.0,0.0,0.0,0.0,0.0
433,2,7,0.2,0.14285714285714285,0.2,0.04,0.6,0.42857142857142855,0.6,0.55,0.2,0.14285714285714285,0.2,0.06666666666666667,0.2,0.14285714285714285,0.2,0.04
434,2,4,0.0,0.0,0.0,0.0,0.0,0.0,0.0,0.0,0.0,0.0,0.0,0.0,0.0,0.0,0.0,0.0
435,2,4,0.0,0.0,0.0,0.0,0.2,0.25,0.25,0.0625,0.2,0.25,0.25,0.05,0.0,0.0,0.0,0.0
436,2,7,0.4,0.2857142857142857,0.4,0.2,0.2,0.14285714285714285,0.2,0.06666666666666667,0.4,0.2857142857142857,0.4,0.14666666666666667,0.2,0.14285714285714285,0.2,0.2
437,2,2,0.0,0.0,0.0,0.0,0.0,0.0,0.0,0.0,0.0,0.0,0.0,0.0,0.0,0.0,0.0,0.0
438,2,10,0.2,0.1,0.2,0.05,0.2,0.1,0.2,0.04,0.4,0.2,0.4,0.13,0.0,0.0,0.0,0.0
439,2,5,0.0,0.0,0.0,0.0,0.2,0.2,0.2,0.2,0.2,0.2,0.2,0.06666666666666667,0.0,0.0,0.0,0.0
440,2,8,0.2,0.125,0.2,0.06666666666666667,0.6,0.375,0.6,0.4833333333333333,0.0,0.0,0.0,0.0,0.0,0.0,0.0,0.0
441,2,5,0.4,0.4,0.4,0.2,0.4,0.4,0.4,0.3,0.2,0.2,0.2,0.04,0.4,0.4,0.4,0.13
442,2,4,0.0,0.0,0.0,0.0,0.6,0.75,0.75,0.6875,0.2,0.25,0.25,0.125,0.2,0.25,0.25,0.0625
443,2,7,0.2,0.14285714285714285,0.2,0.2,0.0,0.0,0.0,0.0,0.0,0.0,0.0,0.0,0.0,0.0,0.0,0.0
444,2,8,0.8,0.5,0.8,0.8,0.2,0.125,0.2,0.04,0.4,0.25,0.4,0.16666666666666666,0.6,0.375,0.6,0.2866666666666666
445,2,9,0.4,0.2222222222222222,0.4,0.4,0.4,0.2222222222222222,0.4,0.27999999999999997,0.0,0.0,0.0,0.0,0.2,0.1111111111111111,0.2,0.06666666666666667
446,2,6,0.2,0.16666666666666666,0.2,0.06666666666666667,0.2,0.16666666666666666,0.2,0.06666666666666667,0.2,0.16666666666666666,0.2,0.2,0.2,0.16666666666666666,0.2,0.2
447,2,7,0.2,0.14285714285714285,0.2,0.1,0.2,0.14285714285714285,0.2,0.1,0.2,0.14285714285714285,0.2,0.06666666666666667,0.0,0.0,0.0,0.0
448,2,7,0.0,0.0,0.0,0.0,0.6,0.42857142857142855,0.6,0.4533333333333333,0.0,0.0,0.0,0.0,0.0,0.0,0.0,0.0
449,2,10,0.2,0.1,0.2,0.06666666666666667,0.4,0.2,0.4,0.4,0.6,0.3,0.6,0.42000000000000004,0.6,0.3,0.6,0.4833333333333333
450,2,7,0.2,0.14285714285714285,0.2,0.2,0.0,0.0,0.0,0.0,0.0,0.0,0.0,0.0,0.0,0.0,0.0,0.0
451,2,9,0.0,0.0,0.0,0.0,0.4,0.2222222222222222,0.4,0.3,0.2,0.1111111111111111,0.2,0.06666666666666667,0.2,0.1111111111111111,0.2,0.06666666666666667
452,2,4,0.0,0.0,0.0,0.0,0.2,0.25,0.25,0.125,0.2,0.25,0.25,0.25,0.2,0.25,0.25,0.25
453,2,7,0.0,0.0,0.0,0.0,0.0,0.0,0.0,0.0,0.0,0.0,0.0,0.0,0.0,0.0,0.0,0.0
454,2,6,0.2,0.16666666666666666,0.2,0.1,0.4,0.3333333333333333,0.4,0.2,0.4,0.3333333333333333,0.4,0.3,0.2,0.16666666666666666,0.2,0.05
455,2,7,0.6,0.42857142857142855,0.6,0.42000000000000004,0.0,0.0,0.0,0.0,0.4,0.2857142857142857,0.4,0.27999999999999997,0.6,0.42857142857142855,0.6,0.55
456,2,6,0.0,0.0,0.0,0.0,0.0,0.0,0.0,0.0,0.0,0.0,0.0,0.0,0.0,0.0,0.0,0.0
457,2,6,0.2,0.16666666666666666,0.2,0.04,0.2,0.16666666666666666,0.2,0.2,0.0,0.0,0.0,0.0,0.0,0.0,0.0,0.0
458,2,4,0.0,0.0,0.0,0.0,0.0,0.0,0.0,0.0,0.2,0.25,0.25,0.05,0.0,0.0,0.0,0.0
459,2,8,0.2,0.125,0.2,0.04,0.0,0.0,0.0,0.0,0.2,0.125,0.2,0.04,0.0,0.0,0.0,0.0
460,2,2,0.0,0.0,0.0,0.0,0.0,0.0,0.0,0.0,0.2,0.5,0.5,0.16666666666666666,0.0,0.0,0.0,0.0
461,2,6,0.0,0.0,0.0,0.0,0.2,0.16666666666666666,0.2,0.04,0.2,0.16666666666666666,0.2,0.05,0.0,0.0,0.0,0.0
462,2,7,0.2,0.14285714285714285,0.2,0.2,0.8,0.5714285714285714,0.8,0.6433333333333333,0.0,0.0,0.0,0.0,0.2,0.14285714285714285,0.2,0.06666666666666667
463,2,14,0.4,0.14285714285714285,0.4,0.27999999999999997,0.4,0.14285714285714285,0.4,0.16666666666666666,0.4,0.14285714285714285,0.4,0.3,0.6,0.21428571428571427,0.6,0.4533333333333333
464,2,4,0.0,0.0,0.0,0.0,0.2,0.25,0.25,0.08333333333333333,0.0,0.0,0.0,0.0,0.0,0.0,0.0,0.0
465,2,6,0.0,0.0,0.0,0.0,0.4,0.3333333333333333,0.4,0.3,0.4,0.3333333333333333,0.4,0.3333333333333333,0.2,0.16666666666666666,0.2,0.2
466,2,8,0.2,0.125,0.2,0.1,0.4,0.25,0.4,0.13,0.2,0.125,0.2,0.1,0.4,0.25,0.4,0.2
467,2,3,0.0,0.0,0.0,0.0,0.0,0.0,0.0,0.0,0.0,0.0,0.0,0.0,0.0,0.0,0.0,0.0
468,2,4,0.2,0.25,0.25,0.25,0.0,0.0,0.0,0.0,0.0,0.0,0.0,0.0,0.2,0.25,0.25,0.08333333333333333
469,2,3,0.2,0.3333333333333333,0.3333333333333333,0.3333333333333333,0.6,1.0,1.0,0.7000000000000001,0.0,0.0,0.0,0.0,0.0,0.0,0.0,0.0
470,2,16,0.4,0.125,0.4,0.14666666666666667,0.8,0.25,0.8,0.71,0.0,0.0,0.0,0.0,0.0,0.0,0.0,0.0
471,2,4,0.0,0.0,0.0,0.0,0.0,0.0,0.0,0.0,0.0,0.0,0.0,0.0,0.0,0.0,0.0,0.0
472,2,12,0.4,0.16666666666666666,0.4,0.2,0.2,0.08333333333333333,0.2,0.04,0.4,0.16666666666666666,0.4,0.27999999999999997,0.4,0.16666666666666666,0.4,0.4
473,2,4,0.2,0.25,0.25,0.08333333333333333,0.2,0.25,0.25,0.125,0.0,0.0,0.0,0.0,0.0,0.0,0.0,0.0
474,2,10,0.2,0.1,0.2,0.04,0.4,0.2,0.4,0.3333333333333333,0.4,0.2,0.4,0.2333333333333333,0.2,0.1,0.2,0.06666666666666667
475,2,4,0.0,0.0,0.0,0.0,0.0,0.0,0.0,0.0,0.0,0.0,0.0,0.0,0.0,0.0,0.0,0.0
476,2,3,0.0,0.0,0.0,0.0,0.2,0.3333333333333333,0.3333333333333333,0.3333333333333333,0.0,0.0,0.0,0.0,0.0,0.0,0.0,0.0
477,2,4,0.0,0.0,0.0,0.0,0.0,0.0,0.0,0.0,0.2,0.25,0.25,0.08333333333333333,0.2,0.25,0.25,0.25
478,2,8,0.2,0.125,0.2,0.05,0.0,0.0,0.0,0.0,0.0,0.0,0.0,0.0,0.0,0.0,0.0,0.0
479,2,6,0.0,0.0,0.0,0.0,0.2,0.16666666666666666,0.2,0.04,0.0,0.0,0.0,0.0,0.0,0.0,0.0,0.0
480,2,3,0.0,0.0,0.0,0.0,0.0,0.0,0.0,0.0,0.0,0.0,0.0,0.0,0.0,0.0,0.0,0.0
481,2,6,0.0,0.0,0.0,0.0,0.0,0.0,0.0,0.0,0.0,0.0,0.0,0.0,0.2,0.16666666666666666,0.2,0.05
482,2,5,0.2,0.2,0.2,0.2,0.0,0.0,0.0,0.0,0.0,0.0,0.0,0.0,0.0,0.0,0.0,0.0
483,2,9,0.0,0.0,0.0,0.0,0.4,0.2222222222222222,0.4,0.2,0.2,0.1111111111111111,0.2,0.05,0.0,0.0,0.0,0.0
484,2,7,0.2,0.14285714285714285,0.2,0.06666666666666667,0.0,0.0,0.0,0.0,0.4,0.2857142857142857,0.4,0.16666666666666666,0.2,0.14285714285714285,0.2,0.06666666666666667
485,2,9,0.4,0.2222222222222222,0.4,0.16666666666666666,0.2,0.1111111111111111,0.2,0.04,0.0,0.0,0.0,0.0,0.0,0.0,0.0,0.0
486,2,25,0.6,0.12,0.6,0.42000000000000004,0.8,0.16,0.8,0.6433333333333333,0.4,0.08,0.4,0.2,0.4,0.08,0.4,0.13
487,2,5,0.2,0.2,0.2,0.05,0.0,0.0,0.0,0.0,0.0,0.0,0.0,0.0,0.2,0.2,0.2,0.1
488,2,16,0.6,0.1875,0.6,0.4833333333333333,0.6,0.1875,0.6,0.6,0.4,0.125,0.4,0.14666666666666667,0.4,0.125,0.4,0.2333333333333333
489,2,9,0.4,0.2222222222222222,0.4,0.2,0.4,0.2222222222222222,0.4,0.2,0.0,0.0,0.0,0.0,0.2,0.1111111111111111,0.2,0.1
490,2,8,0.2,0.125,0.2,0.05,0.6,0.375,0.6,0.32,0.4,0.25,0.4,0.2,0.6,0.375,0.6,0.2866666666666666
491,2,3,0.2,0.3333333333333333,0.3333333333333333,0.3333333333333333,0.0,0.0,0.0,0.0,0.0,0.0,0.0,0.0,0.2,0.3333333333333333,0.3333333333333333,0.08333333333333333
492,2,4,0.2,0.25,0.25,0.08333333333333333,0.0,0.0,0.0,0.0,0.0,0.0,0.0,0.0,0.0,0.0,0.0,0.0
493,2,9,0.2,0.1111111111111111,0.2,0.06666666666666667,0.2,0.1111111111111111,0.2,0.06666666666666667,0.0,0.0,0.0,0.0,0.0,0.0,0.0,0.0
494,2,2,0.0,0.0,0.0,0.0,0.2,0.5,0.5,0.1,0.0,0.0,0.0,0.0,0.0,0.0,0.0,0.0
495,2,8,0.4,0.25,0.4,0.3333333333333333,0.6,0.375,0.6,0.4833333333333333,0.2,0.125,0.2,0.05,0.2,0.125,0.2,0.2
496,2,8,0.4,0.25,0.4,0.4,0.6,0.375,0.6,0.42000000000000004,0.2,0.125,0.2,0.05,0.4,0.25,0.4,0.2
497,2,13,0.2,0.07692307692307693,0.2,0.06666666666666667,0.0,0.0,0.0,0.0,0.4,0.15384615384615385,0.4,0.3333333333333333,0.4,0.15384615384615385,0.4,0.27999999999999997
498,2,9,0.2,0.1111111111111111,0.2,0.04,0.2,0.1111111111111111,0.2,0.2,0.2,0.1111111111111111,0.2,0.06666666666666667,0.0,0.0,0.0,0.0
499,2,4,0.0,0.0,0.0,0.0,0.2,0.25,0.25,0.0625,0.2,0.25,0.25,0.25,0.2,0.25,0.25,0.25
500,2,2,0.0,0.0,0.0,0.0,0.0,0.0,0.0,0.0,0.0,0.0,0.0,0.0,0.0,0.0,0.0,0.0
501,2,8,0.0,0.0,0.0,0.0,0.2,0.125,0.2,0.04,0.0,0.0,0.0,0.0,0.2,0.125,0.2,0.04
502,2,6,0.0,0.0,0.0,0.0,0.0,0.0,0.0,0.0,0.2,0.16666666666666666,0.2,0.1,0.2,0.16666666666666666,0.2,0.1
503,2,3,0.0,0.0,0.0,0.0,0.2,0.3333333333333333,0.3333333333333333,0.16666666666666666,0.2,0.3333333333333333,0.3333333333333333,0.06666666666666667,0.0,0.0,0.0,0.0
504,2,15,0.6,0.2,0.6,0.2866666666666666,0.6,0.2,0.6,0.42000000000000004,0.4,0.13333333333333333,0.4,0.13,0.0,0.0,0.0,0.0
505,2,7,0.2,0.14285714285714285,0.2,0.04,0.2,0.14285714285714285,0.2,0.2,0.2,0.14285714285714285,0.2,0.1,0.2,0.14285714285714285,0.2,0.04
506,2,11,0.6,0.2727272727272727,0.6,0.32,0.2,0.09090909090909091,0.2,0.05,0.6,0.2727272727272727,0.6,0.42000000000000004,0.8,0.36363636363636365,0.8,0.5433333333333333
507,2,3,0.2,0.3333333333333333,0.3333333333333333,0.1111111111111111,0.2,0.3333333333333333,0.3333333333333333,0.16666666666666666,0.0,0.0,0.0,0.0,0.2,0.3333333333333333,0.3333333333333333,0.06666666666666667
508,2,3,0.0,0.0,0.0,0.0,0.0,0.0,0.0,0.0,0.2,0.3333333333333333,0.3333333333333333,0.08333333333333333,0.0,0.0,0.0,0.0
509,2,9,0.0,0.0,0.0,0.0,0.6,0.3333333333333333,0.6,0.2866666666666666,0.2,0.1111111111111111,0.2,0.2,0.2,0.1111111111111111,0.2,0.2
510,2,5,0.0,0.0,0.0,0.0,0.2,0.2,0.2,0.1,0.0,0.0,0.0,0.0,0.2,0.2,0.2,0.06666666666666667
511,2,4,0.4,0.5,0.5,0.35,0.4,0.5,0.5,0.5,0.0,0.0,0.0,0.0,0.0,0.0,0.0,0.0
512,2,6,0.0,0.0,0.0,0.0,0.0,0.0,0.0,0.0,0.4,0.3333333333333333,0.4,0.16666666666666666,0.2,0.16666666666666666,0.2,0.04
513,2,6,0.6,0.5,0.6,0.52,0.2,0.16666666666666666,0.2,0.04,0.0,0.0,0.0,0.0,0.4,0.3333333333333333,0.4,0.18
514,2,15,0.6,0.2,0.6,0.52,0.2,0.06666666666666667,0.2,0.1,0.2,0.06666666666666667,0.2,0.2,0.4,0.13333333333333333,0.4,0.3333333333333333
515,2,5,0.2,0.2,0.2,0.05,0.2,0.2,0.2,0.04,0.2,0.2,0.2,0.1,0.2,0.2,0.2,0.06666666666666667
516,2,7,0.0,0.0,0.0,0.0,0.0,0.0,0.0,0.0,0.2,0.14285714285714285,0.2,0.05,0.2,0.14285714285714285,0.2,0.05
517,2,6,0.2,0.16666666666666666,0.2,0.1,0.2,0.16666666666666666,0.2,0.06666666666666667,0.2,0.16666666666666666,0.2,0.04,0.4,0.3333333333333333,0.4,0.14666666666666667
518,2,10,0.6,0.3,0.6,0.52,0.4,0.2,0.4,0.16666666666666666,0.0,0.0,0.0,0.0,0.4,0.2,0.4,0.18
519,2,4,0.0,0.0,0.0,0.0,0.2,0.25,0.25,0.05,0.0,0.0,0.0,0.0,0.0,0.0,0.0,0.0
520,2,4,0.2,0.25,0.25,0.05,0.2,0.25,0.25,0.125,0.0,0.0,0.0,0.0,0.0,0.0,0.0,0.0
521,2,3,0.0,0.0,0.0,0.0,0.0,0.0,0.0,0.0,0.2,0.3333333333333333,0.3333333333333333,0.06666666666666667,0.0,0.0,0.0,0.0
522,2,9,0.2,0.1111111111111111,0.2,0.1,0.4,0.2222222222222222,0.4,0.4,0.0,0.0,0.0,0.0,0.4,0.2222222222222222,0.4,0.3
523,2,5,0.0,0.0,0.0,0.0,0.0,0.0,0.0,0.0,0.0,0.0,0.0,0.0,0.2,0.2,0.2,0.05
524,2,8,0.4,0.25,0.4,0.4,0.4,0.25,0.4,0.3333333333333333,0.2,0.125,0.2,0.06666666666666667,0.4,0.25,0.4,0.3333333333333333
525,2,8,0.4,0.25,0.4,0.3333333333333333,0.4,0.25,0.4,0.2333333333333333,0.0,0.0,0.0,0.0,0.2,0.125,0.2,0.05
526,2,5,0.2,0.2,0.2,0.05,0.0,0.0,0.0,0.0,0.2,0.2,0.2,0.05,0.0,0.0,0.0,0.0
527,2,7,0.0,0.0,0.0,0.0,0.0,0.0,0.0,0.0,0.0,0.0,0.0,0.0,0.0,0.0,0.0,0.0
528,2,9,0.0,0.0,0.0,0.0,0.4,0.2222222222222222,0.4,0.2333333333333333,0.0,0.0,0.0,0.0,0.2,0.1111111111111111,0.2,0.06666666666666667
529,2,5,0.0,0.0,0.0,0.0,0.0,0.0,0.0,0.0,0.4,0.4,0.4,0.13,0.0,0.0,0.0,0.0
530,2,6,0.0,0.0,0.0,0.0,0.4,0.3333333333333333,0.4,0.16666666666666666,0.0,0.0,0.0,0.0,0.0,0.0,0.0,0.0
531,2,6,0.4,0.3333333333333333,0.4,0.18,0.2,0.16666666666666666,0.2,0.06666666666666667,0.2,0.16666666666666666,0.2,0.1,0.4,0.3333333333333333,0.4,0.2
532,2,5,0.0,0.0,0.0,0.0,0.0,0.0,0.0,0.0,0.0,0.0,0.0,0.0,0.0,0.0,0.0,0.0
533,2,10,0.2,0.1,0.2,0.04,0.2,0.1,0.2,0.1,0.0,0.0,0.0,0.0,0.0,0.0,0.0,0.0
534,2,8,0.2,0.125,0.2,0.06666666666666667,0.4,0.25,0.4,0.3333333333333333,0.2,0.125,0.2,0.04,0.2,0.125,0.2,0.04
535,2,8,0.4,0.25,0.4,0.14666666666666667,0.2,0.125,0.2,0.04,0.2,0.125,0.2,0.05,0.2,0.125,0.2,0.06666666666666667
536,2,5,0.2,0.2,0.2,0.1,0.2,0.2,0.2,0.2,0.2,0.2,0.2,0.06666666666666667,0.2,0.2,0.2,0.1
537,2,6,0.0,0.0,0.0,0.0,0.0,0.0,0.0,0.0,0.2,0.16666666666666666,0.2,0.05,0.2,0.16666666666666666,0.2,0.06666666666666667
538,2,3,0.0,0.0,0.0,0.0,0.2,0.3333333333333333,0.3333333333333333,0.06666666666666667,0.2,0.3333333333333333,0.3333333333333333,0.16666666666666666,0.2,0.3333333333333333,0.3333333333333333,0.16666666666666666
539,2,4,0.4,0.5,0.5,0.375,0.0,0.0,0.0,0.0,0.0,0.0,0.0,0.0,0.2,0.25,0.25,0.05
540,2,7,0.4,0.2857142857142857,0.4,0.4,0.0,0.0,0.0,0.0,0.0,0.0,0.0,0.0,0.0,0.0,0.0,0.0
541,2,7,0.4,0.2857142857142857,0.4,0.16666666666666666,0.2,0.14285714285714285,0.2,0.06666666666666667,0.4,0.2857142857142857,0.4,0.3,0.2,0.14285714285714285,0.2,0.2
542,2,12,0.4,0.16666666666666666,0.4,0.16666666666666666,0.2,0.08333333333333333,0.2,0.2,0.2,0.08333333333333333,0.2,0.2,0.4,0.16666666666666666,0.4,0.16666666666666666
543,2,4,0.0,0.0,0.0,0.0,0.0,0.0,0.0,0.0,0.0,0.0,0.0,0.0,0.0,0.0,0.0,0.0
544,2,8,0.0,0.0,0.0,0.0,0.0,0.0,0.0,0.0,0.0,0.0,0.0,0.0,0.0,0.0,0.0,0.0
545,2,3,0.2,0.3333333333333333,0.3333333333333333,0.16666666666666666,0.0,0.0,0.0,0.0,0.2,0.3333333333333333,0.3333333333333333,0.06666666666666667,0.2,0.3333333333333333,0.3333333333333333,0.1111111111111111
546,2,7,0.0,0.0,0.0,0.0,0.2,0.14285714285714285,0.2,0.2,0.0,0.0,0.0,0.0,0.0,0.0,0.0,0.0
547,2,7,0.0,0.0,0.0,0.0,0.0,0.0,0.0,0.0,0.2,0.14285714285714285,0.2,0.04,0.0,0.0,0.0,0.0
548,2,9,0.2,0.1111111111111111,0.2,0.2,0.2,0.1111111111111111,0.2,0.06666666666666667,0.2,0.1111111111111111,0.2,0.2,0.4,0.2222222222222222,0.4,0.3333333333333333
549,2,4,0.0,0.0,0.0,0.0,0.4,0.5,0.5,0.35,0.0,0.0,0.0,0.0,0.0,0.0,0.0,0.0
550,2,9,0.2,0.1111111111111111,0.2,0.1,0.2,0.1111111111111111,0.2,0.1,0.4,0.2222222222222222,0.4,0.3333333333333333,0.4,0.2222222222222222,0.4,0.3333333333333333
551,2,6,0.2,0.16666666666666666,0.2,0.04,0.2,0.16666666666666666,0.2,0.06666666666666667,0.2,0.16666666666666666,0.2,0.05,0.2,0.16666666666666666,0.2,0.05
552,2,6,0.0,0.0,0.0,0.0,0.2,0.16666666666666666,0.2,0.05,0.2,0.16666666666666666,0.2,0.04,0.0,0.0,0.0,0.0
553,2,8,0.4,0.25,0.4,0.4,0.2,0.125,0.2,0.1,0.2,0.125,0.2,0.04,0.6,0.375,0.6,0.4533333333333333
554,2,5,0.0,0.0,0.0,0.0,0.4,0.4,0.4,0.3,0.2,0.2,0.2,0.06666666666666667,0.0,0.0,0.0,0.0
555,2,7,0.2,0.14285714285714285,0.2,0.05,0.4,0.2857142857142857,0.4,0.3333333333333333,0.0,0.0,0.0,0.0,0.2,0.14285714285714285,0.2,0.04
556,2,4,0.2,0.25,0.25,0.05,0.0,0.0,0.0,0.0,0.0,0.0,0.0,0.0,0.2,0.25,0.25,0.05
557,2,11,0.4,0.18181818181818182,0.4,0.3333333333333333,0.2,0.09090909090909091,0.2,0.05,0.2,0.09090909090909091,0.2,0.2,0.2,0.09090909090909091,0.2,0.2
558,2,5,0.0,0.0,0.0,0.0,0.4,0.4,0.4,0.4,0.0,0.0,0.0,0.0,0.0,0.0,0.0,0.0
559,2,2,0.0,0.0,0.0,0.0,0.0,0.0,0.0,0.0,0.0,0.0,0.0,0.0,0.0,0.0,0.0,0.0
560,2,13,0.2,0.07692307692307693,0.2,0.06666666666666667,0.2,0.07692307692307693,0.2,0.06666666666666667,0.2,0.07692307692307693,0.2,0.06666666666666667,0.6,0.23076923076923078,0.6,0.2866666666666666
561,2,8,0.0,0.0,0.0,0.0,0.2,0.125,0.2,0.06666666666666667,0.2,0.125,0.2,0.04,0.2,0.125,0.2,0.04
562,2,7,0.4,0.2857142857142857,0.4,0.27999999999999997,0.4,0.2857142857142857,0.4,0.2333333333333333,0.0,0.0,0.0,0.0,0.4,0.2857142857142857,0.4,0.18
563,2,8,0.4,0.25,0.4,0.3333333333333333,0.2,0.125,0.2,0.2,0.2,0.125,0.2,0.06666666666666667,0.4,0.25,0.4,0.2333333333333333
564,2,7,0.2,0.14285714285714285,0.2,0.1,0.4,0.2857142857142857,0.4,0.3333333333333333,0.0,0.0,0.0,0.0,0.2,0.14285714285714285,0.2,0.2
565,2,9,0.4,0.2222222222222222,0.4,0.16666666666666666,0.2,0.1111111111111111,0.2,0.06666666666666667,0.4,0.2222222222222222,0.4,0.2333333333333333,0.4,0.2222222222222222,0.4,0.2333333333333333
566,2,5,0.0,0.0,0.0,0.0,0.2,0.2,0.2,0.2,0.0,0.0,0.0,0.0,0.0,0.0,0.0,0.0
567,2,21,0.4,0.09523809523809523,0.4,0.14666666666666667,0.0,0.0,0.0,0.0,0.2,0.047619047619047616,0.2,0.05,0.4,0.09523809523809523,0.4,0.16666666666666666
568,2,7,0.4,0.2857142857142857,0.4,0.16666666666666666,0.2,0.14285714285714285,0.2,0.06666666666666667,0.2,0.14285714285714285,0.2,0.06666666666666667,0.2,0.14285714285714285,0.2,0.1
569,2,3,0.4,0.6666666666666666,0.6666666666666666,0.38888888888888884,0.2,0.3333333333333333,0.3333333333333333,0.08333333333333333,0.2,0.3333333333333333,0.3333333333333333,0.16666666666666666,0.4,0.6666666666666666,0.6666666666666666,0.3333333333333333
570,2,12,0.4,0.16666666666666666,0.4,0.2,0.2,0.08333333333333333,0.2,0.05,0.2,0.08333333333333333,0.2,0.06666666666666667,0.4,0.16666666666666666,0.4,0.14666666666666667
571,2,4,0.0,0.0,0.0,0.0,0.2,0.25,0.25,0.08333333333333333,0.0,0.0,0.0,0.0,0.0,0.0,0.0,0.0
572,2,5,0.0,0.0,0.0,0.0,0.2,0.2,0.2,0.2,0.0,0.0,0.0,0.0,0.0,0.0,0.0,0.0
573,2,3,0.0,0.0,0.0,0.0,0.2,0.3333333333333333,0.3333333333333333,0.1111111111111111,0.0,0.0,0.0,0.0,0.0,0.0,0.0,0.0
574,2,16,0.2,0.0625,0.2,0.1,0.2,0.0625,0.2,0.2,0.2,0.0625,0.2,0.06666666666666667,0.2,0.0625,0.2,0.2
575,2,5,0.2,0.2,0.2,0.05,0.0,0.0,0.0,0.0,0.0,0.0,0.0,0.0,0.0,0.0,0.0,0.0
576,2,7,0.2,0.14285714285714285,0.2,0.06666666666666667,0.2,0.14285714285714285,0.2,0.04,0.2,0.14285714285714285,0.2,0.04,0.2,0.14285714285714285,0.2,0.06666666666666667
577,2,8,0.2,0.125,0.2,0.1,0.0,0.0,0.0,0.0,0.4,0.25,0.4,0.18,0.4,0.25,0.4,0.16666666666666666
578,2,3,0.0,0.0,0.0,0.0,0.2,0.3333333333333333,0.3333333333333333,0.1111111111111111,0.0,0.0,0.0,0.0,0.0,0.0,0.0,0.0
579,2,3,0.2,0.3333333333333333,0.3333333333333333,0.08333333333333333,0.2,0.3333333333333333,0.3333333333333333,0.08333333333333333,0.0,0.0,0.0,0.0,0.0,0.0,0.0,0.0
580,2,7,0.0,0.0,0.0,0.0,0.2,0.14285714285714285,0.2,0.05,0.2,0.14285714285714285,0.2,0.1,0.2,0.14285714285714285,0.2,0.1
581,2,6,0.0,0.0,0.0,0.0,0.2,0.16666666666666666,0.2,0.1,0.2,0.16666666666666666,0.2,0.04,0.0,0.0,0.0,0.0
582,2,9,0.0,0.0,0.0,0.0,0.2,0.1111111111111111,0.2,0.1,0.4,0.2222222222222222,0.4,0.16666666666666666,0.4,0.2222222222222222,0.4,0.16666666666666666
583,2,12,0.6,0.25,0.6,0.55,0.6,0.25,0.6,0.4833333333333333,0.0,0.0,0.0,0.0,0.2,0.08333333333333333,0.2,0.05
584,2,7,0.2,0.14285714285714285,0.2,0.2,0.4,0.2857142857142857,0.4,0.18,0.2,0.14285714285714285,0.2,0.05,0.4,0.2857142857142857,0.4,0.16666666666666666
585,2,3,0.2,0.3333333333333333,0.3333333333333333,0.16666666666666666,0.0,0.0,0.0,0.0,0.0,0.0,0.0,0.0,0.2,0.3333333333333333,0.3333333333333333,0.16666666666666666
586,2,8,0.4,0.25,0.4,0.13,0.0,0.0,0.0,0.0,0.0,0.0,0.0,0.0,0.4,0.25,0.4,0.13
587,2,5,0.2,0.2,0.2,0.04,0.0,0.0,0.0,0.0,0.2,0.2,0.2,0.2,0.2,0.2,0.2,0.2
588,2,7,0.0,0.0,0.0,0.0,0.6,0.42857142857142855,0.6,0.6,0.4,0.2857142857142857,0.4,0.16666666666666666,0.0,0.0,0.0,0.0
589,2,5,0.2,0.2,0.2,0.06666666666666667,0.6,0.6,0.6,0.6,0.2,0.2,0.2,0.1,0.2,0.2,0.2,0.06666666666666667
590,2,8,0.0,0.0,0.0,0.0,0.4,0.25,0.4,0.3,0.2,0.125,0.2,0.04,0.0,0.0,0.0,0.0
591,2,6,0.2,0.16666666666666666,0.2,0.04,0.0,0.0,0.0,0.0,0.0,0.0,0.0,0.0,0.0,0.0,0.0,0.0
592,2,6,0.0,0.0,0.0,0.0,0.2,0.16666666666666666,0.2,0.04,0.2,0.16666666666666666,0.2,0.04,0.0,0.0,0.0,0.0
593,2,8,0.0,0.0,0.0,0.0,0.6,0.375,0.6,0.35333333333333333,0.0,0.0,0.0,0.0,0.0,0.0,0.0,0.0
594,2,5,0.0,0.0,0.0,0.0,0.6,0.6,0.6,0.32,0.2,0.2,0.2,0.1,0.2,0.2,0.2,0.2
595,2,4,0.4,0.5,0.5,0.35,0.0,0.0,0.0,0.0,0.2,0.25,0.25,0.08333333333333333,0.0,0.0,0.0,0.0
596,2,6,0.2,0.16666666666666666,0.2,0.05,0.2,0.16666666666666666,0.2,0.1,0.2,0.16666666666666666,0.2,0.2,0.0,0.0,0.0,0.0
597,2,5,0.0,0.0,0.0,0.0,0.0,0.0,0.0,0.0,0.2,0.2,0.2,0.06666666666666667,0.2,0.2,0.2,0.1
598,2,16,0.2,0.0625,0.2,0.06666666666666667,0.6,0.1875,0.6,0.4833333333333333,0.6,0.1875,0.6,0.42000000000000004,0.6,0.1875,0.6,0.42000000000000004
599,2,4,0.0,0.0,0.0,0.0,0.0,0.0,0.0,0.0,0.2,0.25,0.25,0.05,0.0,0.0,0.0,0.0
600,2,6,0.0,0.0,0.0,0.0,0.2,0.16666666666666666,0.2,0.06666666666666667,0.4,0.3333333333333333,0.4,0.13,0.2,0.16666666666666666,0.2,0.04
601,2,5,0.0,0.0,0.0,0.0,0.0,0.0,0.0,0.0,0.2,0.2,0.2,0.04,0.2,0.2,0.2,0.05
602,2,4,0.0,0.0,0.0,0.0,0.0,0.0,0.0,0.0,0.2,0.25,0.25,0.05,0.0,0.0,0.0,0.0
603,2,5,0.2,0.2,0.2,0.1,0.0,0.0,0.0,0.0,0.0,0.0,0.0,0.0,0.2,0.2,0.2,0.06666666666666667
604,2,5,0.2,0.2,0.2,0.1,0.4,0.4,0.4,0.14666666666666667,0.2,0.2,0.2,0.04,0.2,0.2,0.2,0.1
605,2,7,0.0,0.0,0.0,0.0,0.2,0.14285714285714285,0.2,0.2,0.0,0.0,0.0,0.0,0.2,0.14285714285714285,0.2,0.05
606,2,7,0.4,0.2857142857142857,0.4,0.3333333333333333,0.2,0.14285714285714285,0.2,0.2,0.4,0.2857142857142857,0.4,0.18,0.6,0.42857142857142855,0.6,0.52
607,2,3,0.2,0.3333333333333333,0.3333333333333333,0.06666666666666667,0.2,0.3333333333333333,0.3333333333333333,0.06666666666666667,0.0,0.0,0.0,0.0,0.0,0.0,0.0,0.0
608,2,3,0.0,0.0,0.0,0.0,0.2,0.3333333333333333,0.3333333333333333,0.06666666666666667,0.0,0.0,0.0,0.0,0.0,0.0,0.0,0.0
609,2,7,0.0,0.0,0.0,0.0,0.4,0.2857142857142857,0.4,0.13,0.2,0.14285714285714285,0.2,0.05,0.0,0.0,0.0,0.0
610,2,4,0.0,0.0,0.0,0.0,0.0,0.0,0.0,0.0,0.0,0.0,0.0,0.0,0.0,0.0,0.0,0.0
611,2,3,0.2,0.3333333333333333,0.3333333333333333,0.3333333333333333,0.0,0.0,0.0,0.0,0.0,0.0,0.0,0.0,0.2,0.3333333333333333,0.3333333333333333,0.08333333333333333
612,2,4,0.2,0.25,0.25,0.25,0.0,0.0,0.0,0.0,0.0,0.0,0.0,0.0,0.4,0.5,0.5,0.29166666666666663
613,2,5,0.2,0.2,0.2,0.05,0.0,0.0,0.0,0.0,0.2,0.2,0.2,0.06666666666666667,0.0,0.0,0.0,0.0
614,2,10,0.2,0.1,0.2,0.1,0.0,0.0,0.0,0.0,0.0,0.0,0.0,0.0,0.0,0.0,0.0,0.0
615,2,5,0.0,0.0,0.0,0.0,0.2,0.2,0.2,0.1,0.0,0.0,0.0,0.0,0.0,0.0,0.0,0.0
616,2,8,0.4,0.25,0.4,0.14666666666666667,0.2,0.125,0.2,0.05,0.2,0.125,0.2,0.1,0.2,0.125,0.2,0.05
617,2,8,0.0,0.0,0.0,0.0,0.0,0.0,0.0,0.0,0.4,0.25,0.4,0.18,0.4,0.25,0.4,0.16666666666666666
618,2,7,0.2,0.14285714285714285,0.2,0.2,0.4,0.2857142857142857,0.4,0.13,0.2,0.14285714285714285,0.2,0.06666666666666667,0.4,0.2857142857142857,0.4,0.2
619,2,4,0.0,0.0,0.0,0.0,0.0,0.0,0.0,0.0,0.0,0.0,0.0,0.0,0.0,0.0,0.0,0.0
620,2,2,0.0,0.0,0.0,0.0,0.0,0.0,0.0,0.0,0.0,0.0,0.0,0.0,0.0,0.0,0.0,0.0
621,2,8,0.0,0.0,0.0,0.0,0.2,0.125,0.2,0.2,0.4,0.25,0.4,0.14666666666666667,0.2,0.125,0.2,0.06666666666666667
622,2,8,0.4,0.25,0.4,0.3,0.2,0.125,0.2,0.05,0.0,0.0,0.0,0.0,0.4,0.25,0.4,0.18
623,2,7,0.0,0.0,0.0,0.0,0.0,0.0,0.0,0.0,0.0,0.0,0.0,0.0,0.0,0.0,0.0,0.0
624,2,4,0.2,0.25,0.25,0.08333333333333333,0.4,0.5,0.5,0.20833333333333331,0.0,0.0,0.0,0.0,0.0,0.0,0.0,0.0
625,2,8,0.0,0.0,0.0,0.0,0.2,0.125,0.2,0.1,0.0,0.0,0.0,0.0,0.0,0.0,0.0,0.0
626,2,7,0.2,0.14285714285714285,0.2,0.2,0.4,0.2857142857142857,0.4,0.14666666666666667,0.0,0.0,0.0,0.0,0.2,0.14285714285714285,0.2,0.1
627,2,9,0.4,0.2222222222222222,0.4,0.18,0.2,0.1111111111111111,0.2,0.2,0.4,0.2222222222222222,0.4,0.14666666666666667,0.2,0.1111111111111111,0.2,0.1
628,2,2,0.0,0.0,0.0,0.0,0.0,0.0,0.0,0.0,0.0,0.0,0.0,0.0,0.0,0.0,0.0,0.0
629,2,3,0.0,0.0,0.0,0.0,0.2,0.3333333333333333,0.3333333333333333,0.06666666666666667,0.0,0.0,0.0,0.0,0.0,0.0,0.0,0.0
630,2,5,0.0,0.0,0.0,0.0,0.0,0.0,0.0,0.0,0.2,0.2,0.2,0.04,0.2,0.2,0.2,0.04
631,2,8,0.0,0.0,0.0,0.0,0.4,0.25,0.4,0.3333333333333333,0.2,0.125,0.2,0.05,0.0,0.0,0.0,0.0
632,2,16,0.0,0.0,0.0,0.0,0.0,0.0,0.0,0.0,0.0,0.0,0.0,0.0,0.2,0.0625,0.2,0.05
633,2,3,0.0,0.0,0.0,0.0,0.2,0.3333333333333333,0.3333333333333333,0.1111111111111111,0.0,0.0,0.0,0.0,0.0,0.0,0.0,0.0
634,2,7,0.4,0.2857142857142857,0.4,0.3333333333333333,0.0,0.0,0.0,0.0,0.2,0.14285714285714285,0.2,0.06666666666666667,0.2,0.14285714285714285,0.2,0.2
635,2,4,0.0,0.0,0.0,0.0,0.2,0.25,0.25,0.05,0.2,0.25,0.25,0.08333333333333333,0.0,0.0,0.0,0.0
636,2,3,0.2,0.3333333333333333,0.3333333333333333,0.1111111111111111,0.4,0.6666666666666666,0.6666666666666666,0.6666666666666666,0.0,0.0,0.0,0.0,0.0,0.0,0.0,0.0
637,2,5,0.2,0.2,0.2,0.04,0.2,0.2,0.2,0.04,0.2,0.2,0.2,0.2,0.2,0.2,0.2,0.2
638,2,5,0.0,0.0,0.0,0.0,0.2,0.2,0.2,0.2,0.0,0.0,0.0,0.0,0.0,0.0,0.0,0.0
639,2,3,0.2,0.3333333333333333,0.3333333333333333,0.06666666666666667,0.0,0.0,0.0,0.0,0.0,0.0,0.0,0.0,0.0,0.0,0.0,0.0
640,2,9,0.0,0.0,0.0,0.0,0.2,0.1111111111111111,0.2,0.04,0.2,0.1111111111111111,0.2,0.1,0.2,0.1111111111111111,0.2,0.1
641,2,4,0.0,0.0,0.0,0.0,0.2,0.25,0.25,0.08333333333333333,0.0,0.0,0.0,0.0,0.0,0.0,0.0,0.0
642,2,4,0.0,0.0,0.0,0.0,0.2,0.25,0.25,0.0625,0.4,0.5,0.5,0.375,0.4,0.5,0.5,0.20833333333333331
643,2,7,0.0,0.0,0.0,0.0,0.0,0.0,0.0,0.0,0.2,0.14285714285714285,0.2,0.06666666666666667,0.0,0.0,0.0,0.0
644,2,7,0.2,0.14285714285714285,0.2,0.2,0.2,0.14285714285714285,0.2,0.04,0.0,0.0,0.0,0.0,0.0,0.0,0.0,0.0
645,2,4,0.2,0.25,0.25,0.0625,0.2,0.25,0.25,0.125,0.0,0.0,0.0,0.0,0.0,0.0,0.0,0.0
646,2,4,0.0,0.0,0.0,0.0,0.0,0.0,0.0,0.0,0.2,0.25,0.25,0.25,0.2,0.25,0.25,0.25
647,2,6,0.2,0.16666666666666666,0.2,0.05,0.2,0.16666666666666666,0.2,0.06666666666666667,0.0,0.0,0.0,0.0,0.0,0.0,0.0,0.0
648,2,5,0.4,0.4,0.4,0.2333333333333333,0.2,0.2,0.2,0.2,0.0,0.0,0.0,0.0,0.0,0.0,0.0,0.0
649,2,7,0.2,0.14285714285714285,0.2,0.05,0.2,0.14285714285714285,0.2,0.1,0.2,0.14285714285714285,0.2,0.05,0.2,0.14285714285714285,0.2,0.1
650,2,8,0.2,0.125,0.2,0.1,0.2,0.125,0.2,0.04,0.2,0.125,0.2,0.05,0.2,0.125,0.2,0.06666666666666667
651,2,8,0.0,0.0,0.0,0.0,0.0,0.0,0.0,0.0,0.2,0.125,0.2,0.2,0.2,0.125,0.2,0.2
652,2,7,0.0,0.0,0.0,0.0,0.2,0.14285714285714285,0.2,0.1,0.0,0.0,0.0,0.0,0.0,0.0,0.0,0.0
653,2,17,0.4,0.11764705882352941,0.4,0.14666666666666667,0.2,0.058823529411764705,0.2,0.2,0.6,0.17647058823529413,0.6,0.35333333333333333,0.2,0.058823529411764705,0.2,0.05
654,2,4,0.2,0.25,0.25,0.25,0.2,0.25,0.25,0.125,0.2,0.25,0.25,0.05,0.2,0.25,0.25,0.08333333333333333
655,2,7,0.2,0.14285714285714285,0.2,0.06666666666666667,0.4,0.2857142857142857,0.4,0.27999999999999997,0.2,0.14285714285714285,0.2,0.2,0.2,0.14285714285714285,0.2,0.2
656,2,10,0.0,0.0,0.0,0.0,0.2,0.1,0.2,0.1,0.4,0.2,0.4,0.2333333333333333,0.4,0.2,0.4,0.2333333333333333
657,2,9,0.0,0.0,0.0,0.0,0.2,0.1111111111111111,0.2,0.06666666666666667,0.4,0.2222222222222222,0.4,0.27999999999999997,0.4,0.2222222222222222,0.4,0.13
658,2,5,0.2,0.2,0.2,0.05,0.0,0.0,0.0,0.0,0.0,0.0,0.0,0.0,0.0,0.0,0.0,0.0
659,2,3,0.4,0.6666666666666666,0.6666666666666666,0.3,0.0,0.0,0.0,0.0,0.2,0.3333333333333333,0.3333333333333333,0.1111111111111111,0.4,0.6666666666666666,0.6666666666666666,0.3333333333333333
660,2,8,0.0,0.0,0.0,0.0,0.2,0.125,0.2,0.04,0.0,0.0,0.0,0.0,0.0,0.0,0.0,0.0
661,2,9,0.2,0.1111111111111111,0.2,0.1,0.0,0.0,0.0,0.0,0.2,0.1111111111111111,0.2,0.1,0.2,0.1111111111111111,0.2,0.05
662,2,9,0.0,0.0,0.0,0.0,0.2,0.1111111111111111,0.2,0.2,0.2,0.1111111111111111,0.2,0.06666666666666667,0.2,0.1111111111111111,0.2,0.05
663,2,4,0.0,0.0,0.0,0.0,0.4,0.5,0.5,0.35,0.2,0.25,0.25,0.08333333333333333,0.0,0.0,0.0,0.0
664,2,4,0.2,0.25,0.25,0.125,0.2,0.25,0.25,0.125,0.2,0.25,0.25,0.0625,0.4,0.5,0.5,0.25
665,2,3,0.2,0.3333333333333333,0.3333333333333333,0.08333333333333333,0.0,0.0,0.0,0.0,0.2,0.3333333333333333,0.3333333333333333,0.08333333333333333,0.2,0.3333333333333333,0.3333333333333333,0.1111111111111111
666,2,3,0.0,0.0,0.0,0.0,0.0,0.0,0.0,0.0,0.0,0.0,0.0,0.0,0.0,0.0,0.0,0.0
667,2,6,0.2,0.16666666666666666,0.2,0.2,0.4,0.3333333333333333,0.4,0.4,0.0,0.0,0.0,0.0,0.0,0.0,0.0,0.0
668,2,4,0.2,0.25,0.25,0.08333333333333333,0.0,0.0,0.0,0.0,0.2,0.25,0.25,0.125,0.0,0.0,0.0,0.0
669,2,3,0.0,0.0,0.0,0.0,0.0,0.0,0.0,0.0,0.2,0.3333333333333333,0.3333333333333333,0.08333333333333333,0.0,0.0,0.0,0.0
670,2,5,0.2,0.2,0.2,0.05,0.2,0.2,0.2,0.1,0.2,0.2,0.2,0.2,0.2,0.2,0.2,0.2
671,2,4,0.4,0.5,0.5,0.35,0.2,0.25,0.25,0.08333333333333333,0.0,0.0,0.0,0.0,0.2,0.25,0.25,0.25
672,2,5,0.2,0.2,0.2,0.1,0.2,0.2,0.2,0.04,0.0,0.0,0.0,0.0,0.2,0.2,0.2,0.06666666666666667
673,2,5,0.0,0.0,0.0,0.0,0.0,0.0,0.0,0.0,0.2,0.2,0.2,0.1,0.2,0.2,0.2,0.2
674,2,8,0.4,0.25,0.4,0.14666666666666667,0.0,0.0,0.0,0.0,0.0,0.0,0.0,0.0,0.0,0.0,0.0,0.0
675,2,8,0.4,0.25,0.4,0.2,0.2,0.125,0.2,0.06666666666666667,0.0,0.0,0.0,0.0,0.4,0.25,0.4,0.2
676,2,15,0.2,0.06666666666666667,0.2,0.2,0.6,0.2,0.6,0.35333333333333333,0.2,0.06666666666666667,0.2,0.06666666666666667,0.2,0.06666666666666667,0.2,0.2
677,2,7,0.2,0.14285714285714285,0.2,0.04,0.4,0.2857142857142857,0.4,0.3,0.6,0.42857142857142855,0.6,0.42000000000000004,0.4,0.2857142857142857,0.4,0.18
678,2,8,0.4,0.25,0.4,0.2333333333333333,0.6,0.375,0.6,0.2866666666666666,0.0,0.0,0.0,0.0,0.2,0.125,0.2,0.06666666666666667
679,2,6,0.0,0.0,0.0,0.0,0.2,0.16666666666666666,0.2,0.05,0.2,0.16666666666666666,0.2,0.06666666666666667,0.0,0.0,0.0,0.0
680,2,6,0.0,0.0,0.0,0.0,0.0,0.0,0.0,0.0,0.0,0.0,0.0,0.0,0.0,0.0,0.0,0.0
681,2,6,0.2,0.16666666666666666,0.2,0.04,0.0,0.0,0.0,0.0,0.2,0.16666666666666666,0.2,0.04,0.0,0.0,0.0,0.0
682,2,4,0.2,0.25,0.25,0.25,0.0,0.0,0.0,0.0,0.0,0.0,0.0,0.0,0.2,0.25,0.25,0.125
683,2,8,0.0,0.0,0.0,0.0,0.2,0.125,0.2,0.04,0.0,0.0,0.0,0.0,0.2,0.125,0.2,0.04
684,2,10,0.2,0.1,0.2,0.04,0.4,0.2,0.4,0.16666666666666666,0.0,0.0,0.0,0.0,0.2,0.1,0.2,0.04
685,2,5,0.0,0.0,0.0,0.0,0.2,0.2,0.2,0.04,0.0,0.0,0.0,0.0,0.0,0.0,0.0,0.0
686,2,6,0.0,0.0,0.0,0.0,0.0,0.0,0.0,0.0,0.0,0.0,0.0,0.0,0.2,0.16666666666666666,0.2,0.06666666666666667
687,2,12,0.2,0.08333333333333333,0.2,0.06666666666666667,0.4,0.16666666666666666,0.4,0.2333333333333333,0.2,0.08333333333333333,0.2,0.06666666666666667,0.2,0.08333333333333333,0.2,0.04
688,2,3,0.0,0.0,0.0,0.0,0.0,0.0,0.0,0.0,0.0,0.0,0.0,0.0,0.0,0.0,0.0,0.0
689,2,8,0.2,0.125,0.2,0.2,0.0,0.0,0.0,0.0,0.0,0.0,0.0,0.0,0.2,0.125,0.2,0.2
690,2,9,0.2,0.1111111111111111,0.2,0.04,0.2,0.1111111111111111,0.2,0.2,0.0,0.0,0.0,0.0,0.0,0.0,0.0,0.0
691,2,4,0.0,0.0,0.0,0.0,0.0,0.0,0.0,0.0,0.0,0.0,0.0,0.0,0.0,0.0,0.0,0.0
692,2,3,0.0,0.0,0.0,0.0,0.0,0.0,0.0,0.0,0.0,0.0,0.0,0.0,0.0,0.0,0.0,0.0
693,2,6,0.2,0.16666666666666666,0.2,0.05,0.0,0.0,0.0,0.0,0.2,0.16666666666666666,0.2,0.05,0.2,0.16666666666666666,0.2,0.04
694,2,16,0.4,0.125,0.4,0.14666666666666667,0.4,0.125,0.4,0.13,0.0,0.0,0.0,0.0,0.2,0.0625,0.2,0.04
695,2,8,0.2,0.125,0.2,0.06666666666666667,0.0,0.0,0.0,0.0,0.0,0.0,0.0,0.0,0.0,0.0,0.0,0.0
696,2,8,0.2,0.125,0.2,0.06666666666666667,0.0,0.0,0.0,0.0,0.0,0.0,0.0,0.0,0.0,0.0,0.0,0.0
697,2,5,0.0,0.0,0.0,0.0,0.4,0.4,0.4,0.3333333333333333,0.0,0.0,0.0,0.0,0.2,0.2,0.2,0.05
698,2,9,0.2,0.1111111111111111,0.2,0.05,0.2,0.1111111111111111,0.2,0.2,0.0,0.0,0.0,0.0,0.0,0.0,0.0,0.0
699,2,8,0.0,0.0,0.0,0.0,0.2,0.125,0.2,0.06666666666666667,0.0,0.0,0.0,0.0,0.0,0.0,0.0,0.0
700,2,12,0.6,0.25,0.6,0.35333333333333333,0.2,0.08333333333333333,0.2,0.1,0.2,0.08333333333333333,0.2,0.05,0.2,0.08333333333333333,0.2,0.04
701,2,6,0.2,0.16666666666666666,0.2,0.05,0.6,0.5,0.6,0.32,0.2,0.16666666666666666,0.2,0.06666666666666667,0.2,0.16666666666666666,0.2,0.06666666666666667
702,2,9,0.2,0.1111111111111111,0.2,0.2,0.2,0.1111111111111111,0.2,0.1,0.0,0.0,0.0,0.0,0.4,0.2222222222222222,0.4,0.16666666666666666
703,2,7,0.0,0.0,0.0,0.0,0.2,0.14285714285714285,0.2,0.1,0.0,0.0,0.0,0.0,0.0,0.0,0.0,0.0
704,2,6,0.0,0.0,0.0,0.0,0.0,0.0,0.0,0.0,0.4,0.3333333333333333,0.4,0.3,0.2,0.16666666666666666,0.2,0.2
705,2,3,0.2,0.3333333333333333,0.3333333333333333,0.08333333333333333,0.0,0.0,0.0,0.0,0.2,0.3333333333333333,0.3333333333333333,0.16666666666666666,0.2,0.3333333333333333,0.3333333333333333,0.1111111111111111
706,2,4,0.0,0.0,0.0,0.0,0.0,0.0,0.0,0.0,0.2,0.25,0.25,0.0625,0.0,0.0,0.0,0.0
707,2,7,0.6,0.42857142857142855,0.6,0.4833333333333333,0.0,0.0,0.0,0.0,0.2,0.14285714285714285,0.2,0.04,0.2,0.14285714285714285,0.2,0.04
708,2,6,0.0,0.0,0.0,0.0,0.2,0.16666666666666666,0.2,0.04,0.4,0.3333333333333333,0.4,0.2,0.2,0.16666666666666666,0.2,0.2
709,2,3,0.0,0.0,0.0,0.0,0.0,0.0,0.0,0.0,0.0,0.0,0.0,0.0,0.0,0.0,0.0,0.0
710,2,7,0.0,0.0,0.0,0.0,0.4,0.2857142857142857,0.4,0.3333333333333333,0.2,0.14285714285714285,0.2,0.06666666666666667,0.2,0.14285714285714285,0.2,0.2
711,2,5,0.0,0.0,0.0,0.0,0.0,0.0,0.0,0.0,0.0,0.0,0.0,0.0,0.0,0.0,0.0,0.0
712,2,9,0.2,0.1111111111111111,0.2,0.05,0.0,0.0,0.0,0.0,0.2,0.1111111111111111,0.2,0.05,0.2,0.1111111111111111,0.2,0.1
713,2,19,1.0,0.2631578947368421,1.0,1.0,0.4,0.10526315789473684,0.4,0.18,0.2,0.05263157894736842,0.2,0.2,0.6,0.15789473684210525,0.6,0.42000000000000004
714,2,3,0.2,0.3333333333333333,0.3333333333333333,0.06666666666666667,0.0,0.0,0.0,0.0,0.0,0.0,0.0,0.0,0.0,0.0,0.0,0.0
715,2,5,0.2,0.2,0.2,0.05,0.0,0.0,0.0,0.0,0.2,0.2,0.2,0.04,0.0,0.0,0.0,0.0
716,2,4,0.2,0.25,0.25,0.05,0.2,0.25,0.25,0.05,0.2,0.25,0.25,0.0625,0.2,0.25,0.25,0.0625
717,2,4,0.2,0.25,0.25,0.08333333333333333,0.0,0.0,0.0,0.0,0.2,0.25,0.25,0.0625,0.0,0.0,0.0,0.0
718,2,7,0.2,0.14285714285714285,0.2,0.1,0.4,0.2857142857142857,0.4,0.4,0.2,0.14285714285714285,0.2,0.2,0.4,0.2857142857142857,0.4,0.2333333333333333
719,2,5,0.0,0.0,0.0,0.0,0.2,0.2,0.2,0.1,0.0,0.0,0.0,0.0,0.0,0.0,0.0,0.0
720,2,4,0.0,0.0,0.0,0.0,0.2,0.25,0.25,0.125,0.0,0.0,0.0,0.0,0.0,0.0,0.0,0.0
721,2,8,0.0,0.0,0.0,0.0,0.2,0.125,0.2,0.2,0.2,0.125,0.2,0.04,0.2,0.125,0.2,0.04
722,2,7,0.2,0.14285714285714285,0.2,0.05,0.0,0.0,0.0,0.0,0.2,0.14285714285714285,0.2,0.05,0.2,0.14285714285714285,0.2,0.1
723,2,9,0.2,0.1111111111111111,0.2,0.06666666666666667,0.2,0.1111111111111111,0.2,0.2,0.2,0.1111111111111111,0.2,0.2,0.2,0.1111111111111111,0.2,0.2
724,2,7,0.0,0.0,0.0,0.0,0.0,0.0,0.0,0.0,0.4,0.2857142857142857,0.4,0.2,0.2,0.14285714285714285,0.2,0.05
725,2,5,0.2,0.2,0.2,0.04,0.0,0.0,0.0,0.0,0.2,0.2,0.2,0.2,0.2,0.2,0.2,0.2
726,2,3,0.2,0.3333333333333333,0.3333333333333333,0.3333333333333333,0.2,0.3333333333333333,0.3333333333333333,0.16666666666666666,0.2,0.3333333333333333,0.3333333333333333,0.1111111111111111,0.2,0.3333333333333333,0.3333333333333333,0.1111111111111111
727,2,6,0.0,0.0,0.0,0.0,0.0,0.0,0.0,0.0,0.0,0.0,0.0,0.0,0.0,0.0,0.0,0.0
728,2,10,0.4,0.2,0.4,0.4,0.2,0.1,0.2,0.04,0.0,0.0,0.0,0.0,0.0,0.0,0.0,0.0
729,2,3,0.0,0.0,0.0,0.0,0.2,0.3333333333333333,0.3333333333333333,0.06666666666666667,0.2,0.3333333333333333,0.3333333333333333,0.16666666666666666,0.0,0.0,0.0,0.0
730,2,8,0.2,0.125,0.2,0.2,0.2,0.125,0.2,0.04,0.2,0.125,0.2,0.1,0.4,0.25,0.4,0.13
731,2,10,0.4,0.2,0.4,0.2333333333333333,0.2,0.1,0.2,0.04,0.0,0.0,0.0,0.0,0.2,0.1,0.2,0.06666666666666667
732,2,6,0.2,0.16666666666666666,0.2,0.2,0.0,0.0,0.0,0.0,0.0,0.0,0.0,0.0,0.2,0.16666666666666666,0.2,0.06666666666666667
733,2,6,0.2,0.16666666666666666,0.2,0.06666666666666667,0.4,0.3333333333333333,0.4,0.3333333333333333,0.0,0.0,0.0,0.0,0.0,0.0,0.0,0.0
734,2,9,0.2,0.1111111111111111,0.2,0.05,0.2,0.1111111111111111,0.2,0.05,0.2,0.1111111111111111,0.2,0.2,0.2,0.1111111111111111,0.2,0.2
735,2,7,0.4,0.2857142857142857,0.4,0.2333333333333333,0.4,0.2857142857142857,0.4,0.4,0.0,0.0,0.0,0.0,0.2,0.14285714285714285,0.2,0.1
736,2,10,0.0,0.0,0.0,0.0,0.4,0.2,0.4,0.27999999999999997,0.2,0.1,0.2,0.06666666666666667,0.0,0.0,0.0,0.0
737,2,4,0.0,0.0,0.0,0.0,0.2,0.25,0.25,0.0625,0.0,0.0,0.0,0.0,0.0,0.0,0.0,0.0
738,2,5,0.2,0.2,0.2,0.1,0.2,0.2,0.2,0.04,0.2,0.2,0.2,0.1,0.2,0.2,0.2,0.1
739,2,7,0.2,0.14285714285714285,0.2,0.1,0.2,0.14285714285714285,0.2,0.06666666666666667,0.2,0.14285714285714285,0.2,0.04,0.2,0.14285714285714285,0.2,0.2
740,2,3,0.0,0.0,0.0,0.0,0.0,0.0,0.0,0.0,0.0,0.0,0.0,0.0,0.0,0.0,0.0,0.0
741,2,3,0.4,0.6666666666666666,0.6666666666666666,0.6666666666666666,0.0,0.0,0.0,0.0,0.0,0.0,0.0,0.0,0.4,0.6666666666666666,0.6666666666666666,0.38888888888888884
742,2,8,0.0,0.0,0.0,0.0,0.0,0.0,0.0,0.0,0.4,0.25,0.4,0.3,0.2,0.125,0.2,0.2
743,2,9,0.2,0.1111111111111111,0.2,0.1,0.0,0.0,0.0,0.0,0.0,0.0,0.0,0.0,0.2,0.1111111111111111,0.2,0.1
744,2,8,0.0,0.0,0.0,0.0,0.2,0.125,0.2,0.1,0.4,0.25,0.4,0.27999999999999997,0.2,0.125,0.2,0.2
745,2,4,0.2,0.25,0.25,0.125,0.0,0.0,0.0,0.0,0.0,0.0,0.0,0.0,0.0,0.0,0.0,0.0
746,2,4,0.0,0.0,0.0,0.0,0.0,0.0,0.0,0.0,0.0,0.0,0.0,0.0,0.0,0.0,0.0,0.0
747,2,7,0.4,0.2857142857142857,0.4,0.14666666666666667,0.4,0.2857142857142857,0.4,0.14666666666666667,0.2,0.14285714285714285,0.2,0.04,0.0,0.0,0.0,0.0
748,2,7,0.2,0.14285714285714285,0.2,0.04,0.2,0.14285714285714285,0.2,0.04,0.2,0.14285714285714285,0.2,0.05,0.2,0.14285714285714285,0.2,0.04
749,2,8,0.2,0.125,0.2,0.06666666666666667,0.2,0.125,0.2,0.06666666666666667,0.0,0.0,0.0,0.0,0.0,0.0,0.0,0.0
750,2,10,0.6,0.3,0.6,0.2866666666666666,0.4,0.2,0.4,0.27999999999999997,0.0,0.0,0.0,0.0,0.0,0.0,0.0,0.0
751,2,7,0.4,0.2857142857142857,0.4,0.13,0.0,0.0,0.0,0.0,0.0,0.0,0.0,0.0,0.0,0.0,0.0,0.0
752,2,5,0.2,0.2,0.2,0.06666666666666667,0.2,0.2,0.2,0.05,0.0,0.0,0.0,0.0,0.0,0.0,0.0,0.0
753,2,5,0.0,0.0,0.0,0.0,0.2,0.2,0.2,0.06666666666666667,0.0,0.0,0.0,0.0,0.0,0.0,0.0,0.0
754,2,13,0.2,0.07692307692307693,0.2,0.1,0.2,0.07692307692307693,0.2,0.2,0.2,0.07692307692307693,0.2,0.2,0.6,0.23076923076923078,0.6,0.4533333333333333
755,2,3,0.0,0.0,0.0,0.0,0.0,0.0,0.0,0.0,0.0,0.0,0.0,0.0,0.0,0.0,0.0,0.0
756,2,10,0.0,0.0,0.0,0.0,0.4,0.2,0.4,0.27999999999999997,0.2,0.1,0.2,0.04,0.2,0.1,0.2,0.05
757,2,3,0.0,0.0,0.0,0.0,0.2,0.3333333333333333,0.3333333333333333,0.3333333333333333,0.2,0.3333333333333333,0.3333333333333333,0.1111111111111111,0.0,0.0,0.0,0.0
758,2,7,0.2,0.14285714285714285,0.2,0.1,0.2,0.14285714285714285,0.2,0.2,0.0,0.0,0.0,0.0,0.2,0.14285714285714285,0.2,0.04
759,2,4,0.0,0.0,0.0,0.0,0.2,0.25,0.25,0.08333333333333333,0.0,0.0,0.0,0.0,0.0,0.0,0.0,0.0
760,2,5,0.2,0.2,0.2,0.06666666666666667,0.2,0.2,0.2,0.2,0.2,0.2,0.2,0.05,0.2,0.2,0.2,0.04
761,2,4,0.2,0.25,0.25,0.05,0.4,0.5,0.5,0.25,0.0,0.0,0.0,0.0,0.0,0.0,0.0,0.0
762,2,13,0.4,0.15384615384615385,0.4,0.3333333333333333,0.0,0.0,0.0,0.0,0.2,0.07692307692307693,0.2,0.05,0.6,0.23076923076923078,0.6,0.32
763,2,4,0.0,0.0,0.0,0.0,0.0,0.0,0.0,0.0,0.0,0.0,0.0,0.0,0.2,0.25,0.25,0.08333333333333333
764,2,9,0.0,0.0,0.0,0.0,0.0,0.0,0.0,0.0,0.2,0.1111111111111111,0.2,0.04,0.0,0.0,0.0,0.0
765,2,3,0.0,0.0,0.0,0.0,0.0,0.0,0.0,0.0,0.0,0.0,0.0,0.0,0.0,0.0,0.0,0.0
766,2,6,0.6,0.5,0.6,0.4533333333333333,0.2,0.16666666666666666,0.2,0.06666666666666667,0.0,0.0,0.0,0.0,0.0,0.0,0.0,0.0
767,2,5,0.2,0.2,0.2,0.05,0.4,0.4,0.4,0.4,0.2,0.2,0.2,0.04,0.2,0.2,0.2,0.04
768,2,8,0.2,0.125,0.2,0.05,0.6,0.375,0.6,0.4533333333333333,0.2,0.125,0.2,0.06666666666666667,0.2,0.125,0.2,0.04
769,2,8,0.2,0.125,0.2,0.06666666666666667,0.2,0.125,0.2,0.1,0.0,0.0,0.0,0.0,0.2,0.125,0.2,0.04
770,2,9,0.2,0.1111111111111111,0.2,0.06666666666666667,0.2,0.1111111111111111,0.2,0.1,0.0,0.0,0.0,0.0,0.0,0.0,0.0,0.0
771,2,1,0.0,0.0,0.0,0.0,0.0,0.0,0.0,0.0,0.0,0.0,0.0,0.0,0.0,0.0,0.0,0.0
772,2,4,0.2,0.25,0.25,0.0625,0.2,0.25,0.25,0.05,0.2,0.25,0.25,0.0625,0.2,0.25,0.25,0.08333333333333333
773,2,8,0.2,0.125,0.2,0.04,0.2,0.125,0.2,0.05,0.2,0.125,0.2,0.06666666666666667,0.2,0.125,0.2,0.05
774,2,4,0.2,0.25,0.25,0.25,0.0,0.0,0.0,0.0,0.0,0.0,0.0,0.0,0.2,0.25,0.25,0.0625
775,2,5,0.0,0.0,0.0,0.0,0.0,0.0,0.0,0.0,0.0,0.0,0.0,0.0,0.0,0.0,0.0,0.0
776,2,5,0.2,0.2,0.2,0.05,0.0,0.0,0.0,0.0,0.2,0.2,0.2,0.2,0.0,0.0,0.0,0.0
777,2,5,0.2,0.2,0.2,0.06666666666666667,0.2,0.2,0.2,0.05,0.0,0.0,0.0,0.0,0.0,0.0,0.0,0.0
778,2,9,0.4,0.2222222222222222,0.4,0.2333333333333333,0.6,0.3333333333333333,0.6,0.52,0.2,0.1111111111111111,0.2,0.1,0.4,0.2222222222222222,0.4,0.2333333333333333
779,2,6,0.0,0.0,0.0,0.0,0.2,0.16666666666666666,0.2,0.2,0.2,0.16666666666666666,0.2,0.2,0.2,0.16666666666666666,0.2,0.2
780,2,5,0.0,0.0,0.0,0.0,0.2,0.2,0.2,0.1,0.0,0.0,0.0,0.0,0.0,0.0,0.0,0.0
781,2,5,0.4,0.4,0.4,0.3333333333333333,0.2,0.2,0.2,0.2,0.2,0.2,0.2,0.2,0.2,0.2,0.2,0.2
782,2,5,0.4,0.4,0.4,0.4,0.0,0.0,0.0,0.0,0.2,0.2,0.2,0.06666666666666667,0.4,0.4,0.4,0.16666666666666666
783,2,7,0.0,0.0,0.0,0.0,0.2,0.14285714285714285,0.2,0.2,0.0,0.0,0.0,0.0,0.0,0.0,0.0,0.0
784,2,7,0.2,0.14285714285714285,0.2,0.04,0.4,0.2857142857142857,0.4,0.27999999999999997,0.2,0.14285714285714285,0.2,0.1,0.4,0.2857142857142857,0.4,0.3
785,2,6,0.2,0.16666666666666666,0.2,0.2,0.2,0.16666666666666666,0.2,0.2,0.0,0.0,0.0,0.0,0.0,0.0,0.0,0.0
786,2,6,0.2,0.16666666666666666,0.2,0.06666666666666667,0.0,0.0,0.0,0.0,0.2,0.16666666666666666,0.2,0.2,0.2,0.16666666666666666,0.2,0.05
787,2,6,0.2,0.16666666666666666,0.2,0.2,0.0,0.0,0.0,0.0,0.2,0.16666666666666666,0.2,0.2,0.4,0.3333333333333333,0.4,0.27999999999999997
788,2,6,0.0,0.0,0.0,0.0,0.0,0.0,0.0,0.0,0.2,0.16666666666666666,0.2,0.06666666666666667,0.2,0.16666666666666666,0.2,0.04
789,2,6,0.2,0.16666666666666666,0.2,0.2,0.4,0.3333333333333333,0.4,0.18,0.0,0.0,0.0,0.0,0.2,0.16666666666666666,0.2,0.05
790,2,4,0.0,0.0,0.0,0.0,0.2,0.25,0.25,0.125,0.2,0.25,0.25,0.125,0.2,0.25,0.25,0.05
791,2,6,0.0,0.0,0.0,0.0,0.2,0.16666666666666666,0.2,0.2,0.2,0.16666666666666666,0.2,0.04,0.2,0.16666666666666666,0.2,0.04
792,2,4,0.4,0.5,0.5,0.20833333333333331,0.0,0.0,0.0,0.0,0.0,0.0,0.0,0.0,0.0,0.0,0.0,0.0
793,2,10,0.2,0.1,0.2,0.06666666666666667,0.2,0.1,0.2,0.04,0.2,0.1,0.2,0.2,0.2,0.1,0.2,0.2
794,2,4,0.2,0.25,0.25,0.0625,0.2,0.25,0.25,0.05,0.2,0.25,0.25,0.0625,0.4,0.5,0.5,0.18333333333333335
795,2,7,0.0,0.0,0.0,0.0,0.0,0.0,0.0,0.0,0.0,0.0,0.0,0.0,0.0,0.0,0.0,0.0
796,2,5,0.0,0.0,0.0,0.0,0.0,0.0,0.0,0.0,0.2,0.2,0.2,0.06666666666666667,0.0,0.0,0.0,0.0
797,2,6,0.0,0.0,0.0,0.0,0.2,0.16666666666666666,0.2,0.06666666666666667,0.0,0.0,0.0,0.0,0.0,0.0,0.0,0.0
798,2,5,0.2,0.2,0.2,0.06666666666666667,0.0,0.0,0.0,0.0,0.0,0.0,0.0,0.0,0.0,0.0,0.0,0.0
799,2,8,0.0,0.0,0.0,0.0,0.2,0.125,0.2,0.1,0.0,0.0,0.0,0.0,0.0,0.0,0.0,0.0
800,2,10,0.2,0.1,0.2,0.05,0.2,0.1,0.2,0.1,0.2,0.1,0.2,0.04,0.4,0.2,0.4,0.18
801,2,8,0.2,0.125,0.2,0.1,0.2,0.125,0.2,0.2,0.0,0.0,0.0,0.0,0.2,0.125,0.2,0.05
802,2,4,0.0,0.0,0.0,0.0,0.2,0.25,0.25,0.125,0.0,0.0,0.0,0.0,0.0,0.0,0.0,0.0
803,2,4,0.0,0.0,0.0,0.0,0.0,0.0,0.0,0.0,0.2,0.25,0.25,0.08333333333333333,0.2,0.25,0.25,0.0625
804,2,6,0.2,0.16666666666666666,0.2,0.2,0.2,0.16666666666666666,0.2,0.04,0.0,0.0,0.0,0.0,0.2,0.16666666666666666,0.2,0.2
805,2,8,0.2,0.125,0.2,0.06666666666666667,0.6,0.375,0.6,0.4833333333333333,0.4,0.25,0.4,0.27999999999999997,0.4,0.25,0.4,0.27999999999999997
806,2,9,0.2,0.1111111111111111,0.2,0.1,0.2,0.1111111111111111,0.2,0.2,0.0,0.0,0.0,0.0,0.2,0.1111111111111111,0.2,0.2
807,2,4,0.0,0.0,0.0,0.0,0.0,0.0,0.0,0.0,0.4,0.5,0.5,0.18333333333333335,0.2,0.25,0.25,0.125
808,2,6,0.0,0.0,0.0,0.0,0.2,0.16666666666666666,0.2,0.05,0.0,0.0,0.0,0.0,0.0,0.0,0.0,0.0
809,2,8,0.0,0.0,0.0,0.0,0.4,0.25,0.4,0.3333333333333333,0.4,0.25,0.4,0.18,0.2,0.125,0.2,0.04
810,2,2,0.0,0.0,0.0,0.0,0.0,0.0,0.0,0.0,0.0,0.0,0.0,0.0,0.0,0.0,0.0,0.0
811,2,9,0.2,0.1111111111111111,0.2,0.1,0.2,0.1111111111111111,0.2,0.06666666666666667,0.0,0.0,0.0,0.0,0.2,0.1111111111111111,0.2,0.1
812,2,8,0.0,0.0,0.0,0.0,0.2,0.125,0.2,0.2,0.2,0.125,0.2,0.1,0.2,0.125,0.2,0.1
813,2,8,0.2,0.125,0.2,0.2,0.2,0.125,0.2,0.06666666666666667,0.2,0.125,0.2,0.05,0.4,0.25,0.4,0.2333333333333333
814,2,3,0.0,0.0,0.0,0.0,0.0,0.0,0.0,0.0,0.0,0.0,0.0,0.0,0.0,0.0,0.0,0.0
815,2,6,0.0,0.0,0.0,0.0,0.0,0.0,0.0,0.0,0.2,0.16666666666666666,0.2,0.2,0.2,0.16666666666666666,0.2,0.2
816,2,6,0.2,0.16666666666666666,0.2,0.2,0.2,0.16666666666666666,0.2,0.1,0.2,0.16666666666666666,0.2,0.06666666666666667,0.2,0.16666666666666666,0.2,0.06666666666666667
817,2,4,0.0,0.0,0.0,0.0,0.2,0.25,0.25,0.0625,0.2,0.25,0.25,0.0625,0.0,0.0,0.0,0.0
818,2,6,0.0,0.0,0.0,0.0,0.2,0.16666666666666666,0.2,0.2,0.2,0.16666666666666666,0.2,0.05,0.2,0.16666666666666666,0.2,0.06666666666666667
819,2,5,0.4,0.4,0.4,0.13,0.2,0.2,0.2,0.05,0.4,0.4,0.4,0.3,0.2,0.2,0.2,0.2
820,2,9,0.0,0.0,0.0,0.0,0.2,0.1111111111111111,0.2,0.1,0.2,0.1111111111111111,0.2,0.04,0.2,0.1111111111111111,0.2,0.05
821,2,7,0.2,0.14285714285714285,0.2,0.04,0.0,0.0,0.0,0.0,0.2,0.14285714285714285,0.2,0.06666666666666667,0.0,0.0,0.0,0.0
822,2,4,0.2,0.25,0.25,0.05,0.0,0.0,0.0,0.0,0.2,0.25,0.25,0.25,0.0,0.0,0.0,0.0
823,2,8,0.0,0.0,0.0,0.0,0.2,0.125,0.2,0.06666666666666667,0.0,0.0,0.0,0.0,0.0,0.0,0.0,0.0
824,2,3,0.2,0.3333333333333333,0.3333333333333333,0.16666666666666666,0.0,0.0,0.0,0.0,0.0,0.0,0.0,0.0,0.2,0.3333333333333333,0.3333333333333333,0.06666666666666667
825,2,7,0.0,0.0,0.0,0.0,0.0,0.0,0.0,0.0,0.4,0.2857142857142857,0.4,0.13,0.0,0.0,0.0,0.0
826,2,6,0.2,0.16666666666666666,0.2,0.05,0.0,0.0,0.0,0.0,0.0,0.0,0.0,0.0,0.2,0.16666666666666666,0.2,0.1
827,2,3,0.2,0.3333333333333333,0.3333333333333333,0.3333333333333333,0.2,0.3333333333333333,0.3333333333333333,0.3333333333333333,0.0,0.0,0.0,0.0,0.2,0.3333333333333333,0.3333333333333333,0.1111111111111111
828,2,12,0.0,0.0,0.0,0.0,0.0,0.0,0.0,0.0,0.2,0.08333333333333333,0.2,0.1,0.2,0.08333333333333333,0.2,0.1
829,2,8,0.0,0.0,0.0,0.0,0.0,0.0,0.0,0.0,0.0,0.0,0.0,0.0,0.2,0.125,0.2,0.04
830,2,8,0.2,0.125,0.2,0.2,0.0,0.0,0.0,0.0,0.2,0.125,0.2,0.2,0.4,0.25,0.4,0.3333333333333333
831,2,5,0.4,0.4,0.4,0.27999999999999997,0.2,0.2,0.2,0.05,0.2,0.2,0.2,0.2,0.4,0.4,0.4,0.27999999999999997
832,2,4,0.0,0.0,0.0,0.0,0.0,0.0,0.0,0.0,0.0,0.0,0.0,0.0,0.0,0.0,0.0,0.0
833,2,9,0.2,0.1111111111111111,0.2,0.2,0.2,0.1111111111111111,0.2,0.06666666666666667,0.0,0.0,0.0,0.0,0.2,0.1111111111111111,0.2,0.06666666666666667
834,2,8,0.2,0.125,0.2,0.05,0.0,0.0,0.0,0.0,0.2,0.125,0.2,0.1,0.0,0.0,0.0,0.0
835,2,8,0.2,0.125,0.2,0.04,0.0,0.0,0.0,0.0,0.0,0.0,0.0,0.0,0.0,0.0,0.0,0.0
836,2,10,0.2,0.1,0.2,0.04,0.6,0.3,0.6,0.32,0.2,0.1,0.2,0.2,0.2,0.1,0.2,0.2
837,2,3,0.0,0.0,0.0,0.0,0.2,0.3333333333333333,0.3333333333333333,0.1111111111111111,0.2,0.3333333333333333,0.3333333333333333,0.3333333333333333,0.2,0.3333333333333333,0.3333333333333333,0.3333333333333333
838,2,9,0.4,0.2222222222222222,0.4,0.3,0.2,0.1111111111111111,0.2,0.1,0.2,0.1111111111111111,0.2,0.04,0.0,0.0,0.0,0.0
839,2,7,0.2,0.14285714285714285,0.2,0.2,0.2,0.14285714285714285,0.2,0.1,0.0,0.0,0.0,0.0,0.2,0.14285714285714285,0.2,0.04
840,2,10,0.4,0.2,0.4,0.4,0.4,0.2,0.4,0.2,0.2,0.1,0.2,0.2,0.2,0.1,0.2,0.2
841,2,8,0.2,0.125,0.2,0.04,0.0,0.0,0.0,0.0,0.2,0.125,0.2,0.1,0.2,0.125,0.2,0.1
842,2,5,0.2,0.2,0.2,0.06666666666666667,0.0,0.0,0.0,0.0,0.0,0.0,0.0,0.0,0.2,0.2,0.2,0.04
843,2,14,0.4,0.14285714285714285,0.4,0.2333333333333333,0.8,0.2857142857142857,0.8,0.71,0.2,0.07142857142857142,0.2,0.04,0.2,0.07142857142857142,0.2,0.1
844,2,8,0.2,0.125,0.2,0.05,0.2,0.125,0.2,0.2,0.0,0.0,0.0,0.0,0.0,0.0,0.0,0.0
845,2,10,0.0,0.0,0.0,0.0,0.0,0.0,0.0,0.0,0.2,0.1,0.2,0.04,0.0,0.0,0.0,0.0
846,2,16,0.2,0.0625,0.2,0.1,0.4,0.125,0.4,0.16666666666666666,0.2,0.0625,0.2,0.1,0.2,0.0625,0.2,0.05
847,2,8,0.0,0.0,0.0,0.0,0.2,0.125,0.2,0.06666666666666667,0.6,0.375,0.6,0.3833333333333333,0.4,0.25,0.4,0.2333333333333333
848,2,3,0.2,0.3333333333333333,0.3333333333333333,0.3333333333333333,0.0,0.0,0.0,0.0,0.0,0.0,0.0,0.0,0.2,0.3333333333333333,0.3333333333333333,0.1111111111111111
849,2,2,0.0,0.0,0.0,0.0,0.0,0.0,0.0,0.0,0.0,0.0,0.0,0.0,0.0,0.0,0.0,0.0
850,2,8,0.4,0.25,0.4,0.3333333333333333,0.2,0.125,0.2,0.1,0.0,0.0,0.0,0.0,0.4,0.25,0.4,0.27999999999999997
851,2,6,0.4,0.3333333333333333,0.4,0.16666666666666666,0.4,0.3333333333333333,0.4,0.13,0.0,0.0,0.0,0.0,0.0,0.0,0.0,0.0
852,2,5,0.0,0.0,0.0,0.0,0.0,0.0,0.0,0.0,0.2,0.2,0.2,0.06666666666666667,0.2,0.2,0.2,0.06666666666666667
853,2,4,0.0,0.0,0.0,0.0,0.0,0.0,0.0,0.0,0.0,0.0,0.0,0.0,0.0,0.0,0.0,0.0
854,2,6,0.0,0.0,0.0,0.0,0.2,0.16666666666666666,0.2,0.2,0.0,0.0,0.0,0.0,0.2,0.16666666666666666,0.2,0.05
855,2,8,0.0,0.0,0.0,0.0,0.0,0.0,0.0,0.0,0.2,0.125,0.2,0.2,0.0,0.0,0.0,0.0
856,2,16,0.4,0.125,0.4,0.18,0.4,0.125,0.4,0.27999999999999997,0.4,0.125,0.4,0.14666666666666667,0.4,0.125,0.4,0.16666666666666666
857,2,6,0.0,0.0,0.0,0.0,0.0,0.0,0.0,0.0,0.2,0.16666666666666666,0.2,0.06666666666666667,0.0,0.0,0.0,0.0
858,2,8,0.4,0.25,0.4,0.3,0.4,0.25,0.4,0.4,0.0,0.0,0.0,0.0,0.2,0.125,0.2,0.06666666666666667
859,2,14,0.4,0.14285714285714285,0.4,0.3,0.4,0.14285714285714285,0.4,0.13,0.4,0.14285714285714285,0.4,0.4,0.4,0.14285714285714285,0.4,0.13
860,2,16,0.6,0.1875,0.6,0.3833333333333333,0.2,0.0625,0.2,0.04,0.4,0.125,0.4,0.3333333333333333,0.6,0.1875,0.6,0.52
861,2,6,0.4,0.3333333333333333,0.4,0.2333333333333333,0.2,0.16666666666666666,0.2,0.2,0.2,0.16666666666666666,0.2,0.05,0.2,0.16666666666666666,0.2,0.06666666666666667
862,2,5,0.2,0.2,0.2,0.2,0.4,0.4,0.4,0.2,0.2,0.2,0.2,0.1,0.4,0.4,0.4,0.2
863,2,5,0.0,0.0,0.0,0.0,0.2,0.2,0.2,0.06666666666666667,0.0,0.0,0.0,0.0,0.0,0.0,0.0,0.0
864,2,12,0.2,0.08333333333333333,0.2,0.2,0.4,0.16666666666666666,0.4,0.14666666666666667,0.0,0.0,0.0,0.0,0.2,0.08333333333333333,0.2,0.05
865,2,9,0.2,0.1111111111111111,0.2,0.04,0.4,0.2222222222222222,0.4,0.2333333333333333,0.2,0.1111111111111111,0.2,0.06666666666666667,0.0,0.0,0.0,0.0
866,2,2,0.0,0.0,0.0,0.0,0.0,0.0,0.0,0.0,0.0,0.0,0.0,0.0,0.0,0.0,0.0,0.0
867,2,9,0.2,0.1111111111111111,0.2,0.1,0.2,0.1111111111111111,0.2,0.2,0.0,0.0,0.0,0.0,0.2,0.1111111111111111,0.2,0.04
868,2,12,0.4,0.16666666666666666,0.4,0.16666666666666666,0.2,0.08333333333333333,0.2,0.04,0.0,0.0,0.0,0.0,0.0,0.0,0.0,0.0
869,2,3,0.0,0.0,0.0,0.0,0.0,0.0,0.0,0.0,0.0,0.0,0.0,0.0,0.2,0.3333333333333333,0.3333333333333333,0.06666666666666667
870,2,5,0.0,0.0,0.0,0.0,0.2,0.2,0.2,0.1,0.0,0.0,0.0,0.0,0.0,0.0,0.0,0.0
871,2,5,0.0,0.0,0.0,0.0,0.2,0.2,0.2,0.2,0.2,0.2,0.2,0.06666666666666667,0.2,0.2,0.2,0.06666666666666667
872,2,6,0.4,0.3333333333333333,0.4,0.16666666666666666,0.0,0.0,0.0,0.0,0.0,0.0,0.0,0.0,0.0,0.0,0.0,0.0
873,2,2,0.0,0.0,0.0,0.0,0.2,0.5,0.5,0.1,0.0,0.0,0.0,0.0,0.0,0.0,0.0,0.0
874,2,7,0.2,0.14285714285714285,0.2,0.06666666666666667,0.0,0.0,0.0,0.0,0.0,0.0,0.0,0.0,0.0,0.0,0.0,0.0
875,2,3,0.0,0.0,0.0,0.0,0.0,0.0,0.0,0.0,0.0,0.0,0.0,0.0,0.0,0.0,0.0,0.0
876,2,3,0.0,0.0,0.0,0.0,0.2,0.3333333333333333,0.3333333333333333,0.06666666666666667,0.0,0.0,0.0,0.0,0.0,0.0,0.0,0.0
877,2,5,0.0,0.0,0.0,0.0,0.2,0.2,0.2,0.04,0.4,0.4,0.4,0.4,0.2,0.2,0.2,0.2
878,2,7,0.0,0.0,0.0,0.0,0.2,0.14285714285714285,0.2,0.06666666666666667,0.0,0.0,0.0,0.0,0.0,0.0,0.0,0.0
879,2,9,0.2,0.1111111111111111,0.2,0.1,0.2,0.1111111111111111,0.2,0.04,0.0,0.0,0.0,0.0,0.2,0.1111111111111111,0.2,0.1
880,2,14,0.2,0.07142857142857142,0.2,0.04,0.2,0.07142857142857142,0.2,0.04,0.8,0.2857142857142857,0.8,0.71,0.4,0.14285714285714285,0.4,0.4
881,2,6,0.2,0.16666666666666666,0.2,0.06666666666666667,0.6,0.5,0.6,0.2866666666666666,0.0,0.0,0.0,0.0,0.4,0.3333333333333333,0.4,0.14666666666666667
882,2,8,0.0,0.0,0.0,0.0,0.4,0.25,0.4,0.3,0.2,0.125,0.2,0.1,0.2,0.125,0.2,0.1
883,2,12,0.2,0.08333333333333333,0.2,0.1,0.0,0.0,0.0,0.0,0.2,0.08333333333333333,0.2,0.1,0.4,0.16666666666666666,0.4,0.2333333333333333
884,2,5,0.2,0.2,0.2,0.2,0.2,0.2,0.2,0.1,0.0,0.0,0.0,0.0,0.4,0.4,0.4,0.14666666666666667
885,2,4,0.0,0.0,0.0,0.0,0.2,0.25,0.25,0.0625,0.0,0.0,0.0,0.0,0.0,0.0,0.0,0.0
886,2,6,0.0,0.0,0.0,0.0,0.2,0.16666666666666666,0.2,0.1,0.2,0.16666666666666666,0.2,0.06666666666666667,0.2,0.16666666666666666,0.2,0.06666666666666667
887,2,6,0.0,0.0,0.0,0.0,0.2,0.16666666666666666,0.2,0.2,0.4,0.3333333333333333,0.4,0.14666666666666667,0.2,0.16666666666666666,0.2,0.05
888,2,7,0.0,0.0,0.0,0.0,0.2,0.14285714285714285,0.2,0.06666666666666667,0.2,0.14285714285714285,0.2,0.2,0.2,0.14285714285714285,0.2,0.2
889,2,7,0.0,0.0,0.0,0.0,0.4,0.2857142857142857,0.4,0.2333333333333333,0.2,0.14285714285714285,0.2,0.05,0.0,0.0,0.0,0.0
890,2,13,0.4,0.15384615384615385,0.4,0.3333333333333333,0.2,0.07692307692307693,0.2,0.05,0.6,0.23076923076923078,0.6,0.52,0.8,0.3076923076923077,0.8,0.8
891,2,6,0.0,0.0,0.0,0.0,0.0,0.0,0.0,0.0,0.0,0.0,0.0,0.0,0.2,0.16666666666666666,0.2,0.05
892,2,3,0.0,0.0,0.0,0.0,0.0,0.0,0.0,0.0,0.0,0.0,0.0,0.0,0.0,0.0,0.0,0.0
893,2,9,0.6,0.3333333333333333,0.6,0.55,0.4,0.2222222222222222,0.4,0.2,0.0,0.0,0.0,0.0,0.4,0.2222222222222222,0.4,0.14666666666666667
894,2,15,0.6,0.2,0.6,0.6,0.4,0.13333333333333333,0.4,0.3,0.4,0.13333333333333333,0.4,0.3,0.4,0.13333333333333333,0.4,0.3333333333333333
895,2,7,0.0,0.0,0.0,0.0,0.2,0.14285714285714285,0.2,0.04,0.4,0.2857142857142857,0.4,0.3,0.2,0.14285714285714285,0.2,0.05
896,2,3,0.0,0.0,0.0,0.0,0.0,0.0,0.0,0.0,0.0,0.0,0.0,0.0,0.0,0.0,0.0,0.0
897,2,7,0.0,0.0,0.0,0.0,0.2,0.14285714285714285,0.2,0.06666666666666667,0.2,0.14285714285714285,0.2,0.04,0.0,0.0,0.0,0.0
898,2,10,0.0,0.0,0.0,0.0,0.2,0.1,0.2,0.06666666666666667,0.2,0.1,0.2,0.06666666666666667,0.2,0.1,0.2,0.04
899,2,6,0.2,0.16666666666666666,0.2,0.2,0.4,0.3333333333333333,0.4,0.13,0.4,0.3333333333333333,0.4,0.14666666666666667,0.4,0.3333333333333333,0.4,0.18
900,2,5,0.4,0.4,0.4,0.3,0.0,0.0,0.0,0.0,0.0,0.0,0.0,0.0,0.2,0.2,0.2,0.1
901,2,2,0.0,0.0,0.0,0.0,0.0,0.0,0.0,0.0,0.0,0.0,0.0,0.0,0.0,0.0,0.0,0.0
902,2,7,0.0,0.0,0.0,0.0,0.0,0.0,0.0,0.0,0.2,0.14285714285714285,0.2,0.05,0.0,0.0,0.0,0.0
903,2,9,0.0,0.0,0.0,0.0,0.2,0.1111111111111111,0.2,0.05,0.2,0.1111111111111111,0.2,0.05,0.0,0.0,0.0,0.0
904,2,4,0.2,0.25,0.25,0.25,0.0,0.0,0.0,0.0,0.0,0.0,0.0,0.0,0.2,0.25,0.25,0.125
905,2,8,0.0,0.0,0.0,0.0,0.4,0.25,0.4,0.4,0.4,0.25,0.4,0.3333333333333333,0.4,0.25,0.4,0.4
906,2,10,0.4,0.2,0.4,0.13,0.2,0.1,0.2,0.04,0.2,0.1,0.2,0.04,0.0,0.0,0.0,0.0
907,2,4,0.2,0.25,0.25,0.25,0.2,0.25,0.25,0.05,0.0,0.0,0.0,0.0,0.0,0.0,0.0,0.0
908,2,6,0.0,0.0,0.0,0.0,0.2,0.16666666666666666,0.2,0.2,0.0,0.0,0.0,0.0,0.2,0.16666666666666666,0.2,0.04
909,2,5,0.0,0.0,0.0,0.0,0.4,0.4,0.4,0.3333333333333333,0.2,0.2,0.2,0.2,0.0,0.0,0.0,0.0
910,2,6,0.4,0.3333333333333333,0.4,0.3333333333333333,0.0,0.0,0.0,0.0,0.0,0.0,0.0,0.0,0.0,0.0,0.0,0.0
911,2,5,0.0,0.0,0.0,0.0,0.0,0.0,0.0,0.0,0.2,0.2,0.2,0.2,0.0,0.0,0.0,0.0
912,2,15,0.2,0.06666666666666667,0.2,0.06666666666666667,0.4,0.13333333333333333,0.4,0.27999999999999997,0.4,0.13333333333333333,0.4,0.2333333333333333,0.4,0.13333333333333333,0.4,0.2333333333333333
913,2,14,0.2,0.07142857142857142,0.2,0.2,0.2,0.07142857142857142,0.2,0.04,0.4,0.14285714285714285,0.4,0.13,0.6,0.21428571428571427,0.6,0.42000000000000004
914,2,6,0.2,0.16666666666666666,0.2,0.04,0.2,0.16666666666666666,0.2,0.2,0.2,0.16666666666666666,0.2,0.2,0.2,0.16666666666666666,0.2,0.2
915,2,8,0.0,0.0,0.0,0.0,0.4,0.25,0.4,0.2,0.0,0.0,0.0,0.0,0.0,0.0,0.0,0.0
916,2,8,0.2,0.125,0.2,0.04,0.2,0.125,0.2,0.06666666666666667,0.0,0.0,0.0,0.0,0.0,0.0,0.0,0.0
917,2,6,0.2,0.16666666666666666,0.2,0.1,0.0,0.0,0.0,0.0,0.4,0.3333333333333333,0.4,0.3333333333333333,0.4,0.3333333333333333,0.4,0.3
918,2,9,0.6,0.3333333333333333,0.6,0.4533333333333333,0.4,0.2222222222222222,0.4,0.3333333333333333,0.2,0.1111111111111111,0.2,0.06666666666666667,0.4,0.2222222222222222,0.4,0.2333333333333333
919,2,6,0.2,0.16666666666666666,0.2,0.05,0.2,0.16666666666666666,0.2,0.06666666666666667,0.0,0.0,0.0,0.0,0.2,0.16666666666666666,0.2,0.05
920,2,7,0.2,0.14285714285714285,0.2,0.1,0.2,0.14285714285714285,0.2,0.2,0.2,0.14285714285714285,0.2,0.05,0.2,0.14285714285714285,0.2,0.2
921,2,7,0.2,0.14285714285714285,0.2,0.06666666666666667,0.0,0.0,0.0,0.0,0.6,0.42857142857142855,0.6,0.52,0.6,0.42857142857142855,0.6,0.6
922,2,3,0.0,0.0,0.0,0.0,0.4,0.6666666666666666,0.6666666666666666,0.3333333333333333,0.0,0.0,0.0,0.0,0.0,0.0,0.0,0.0
923,2,5,0.0,0.0,0.0,0.0,0.2,0.2,0.2,0.2,0.2,0.2,0.2,0.05,0.0,0.0,0.0,0.0
924,2,6,0.0,0.0,0.0,0.0,0.0,0.0,0.0,0.0,0.0,0.0,0.0,0.0,0.0,0.0,0.0,0.0
925,2,11,0.2,0.09090909090909091,0.2,0.1,0.4,0.18181818181818182,0.4,0.3333333333333333,0.4,0.18181818181818182,0.4,0.16666666666666666,0.0,0.0,0.0,0.0
926,2,5,0.2,0.2,0.2,0.2,0.2,0.2,0.2,0.06666666666666667,0.4,0.4,0.4,0.4,0.4,0.4,0.4,0.2333333333333333
927,2,6,0.0,0.0,0.0,0.0,0.2,0.16666666666666666,0.2,0.06666666666666667,0.2,0.16666666666666666,0.2,0.1,0.0,0.0,0.0,0.0
928,2,9,0.0,0.0,0.0,0.0,0.0,0.0,0.0,0.0,0.4,0.2222222222222222,0.4,0.27999999999999997,0.2,0.1111111111111111,0.2,0.2
929,2,8,0.0,0.0,0.0,0.0,0.0,0.0,0.0,0.0,0.2,0.125,0.2,0.04,0.0,0.0,0.0,0.0
930,2,6,0.2,0.16666666666666666,0.2,0.1,0.2,0.16666666666666666,0.2,0.05,0.2,0.16666666666666666,0.2,0.05,0.2,0.16666666666666666,0.2,0.06666666666666667
931,2,6,0.4,0.3333333333333333,0.4,0.27999999999999997,0.0,0.0,0.0,0.0,0.0,0.0,0.0,0.0,0.2,0.16666666666666666,0.2,0.06666666666666667
932,2,3,0.0,0.0,0.0,0.0,0.0,0.0,0.0,0.0,0.0,0.0,0.0,0.0,0.0,0.0,0.0,0.0
933,2,6,0.0,0.0,0.0,0.0,0.0,0.0,0.0,0.0,0.2,0.16666666666666666,0.2,0.04,0.0,0.0,0.0,0.0
934,2,4,0.0,0.0,0.0,0.0,0.0,0.0,0.0,0.0,0.0,0.0,0.0,0.0,0.0,0.0,0.0,0.0
935,2,15,0.0,0.0,0.0,0.0,0.4,0.13333333333333333,0.4,0.16666666666666666,0.2,0.06666666666666667,0.2,0.2,0.2,0.06666666666666667,0.2,0.04
936,2,8,0.4,0.25,0.4,0.4,0.0,0.0,0.0,0.0,0.2,0.125,0.2,0.1,0.2,0.125,0.2,0.1
937,2,4,0.0,0.0,0.0,0.0,0.4,0.5,0.5,0.5,0.0,0.0,0.0,0.0,0.0,0.0,0.0,0.0
938,2,7,0.2,0.14285714285714285,0.2,0.06666666666666667,0.4,0.2857142857142857,0.4,0.13,0.4,0.2857142857142857,0.4,0.14666666666666667,0.2,0.14285714285714285,0.2,0.05
939,2,9,0.0,0.0,0.0,0.0,0.2,0.1111111111111111,0.2,0.2,0.4,0.2222222222222222,0.4,0.18,0.2,0.1111111111111111,0.2,0.04
940,2,4,0.0,0.0,0.0,0.0,0.0,0.0,0.0,0.0,0.0,0.0,0.0,0.0,0.0,0.0,0.0,0.0
941,2,3,0.0,0.0,0.0,0.0,0.2,0.3333333333333333,0.3333333333333333,0.16666666666666666,0.0,0.0,0.0,0.0,0.0,0.0,0.0,0.0
942,2,7,0.0,0.0,0.0,0.0,0.4,0.2857142857142857,0.4,0.14666666666666667,0.2,0.14285714285714285,0.2,0.05,0.2,0.14285714285714285,0.2,0.06666666666666667
943,2,7,0.2,0.14285714285714285,0.2,0.1,0.0,0.0,0.0,0.0,0.4,0.2857142857142857,0.4,0.3333333333333333,0.4,0.2857142857142857,0.4,0.3
944,2,3,0.2,0.3333333333333333,0.3333333333333333,0.08333333333333333,0.0,0.0,0.0,0.0,0.0,0.0,0.0,0.0,0.0,0.0,0.0,0.0
945,2,7,0.0,0.0,0.0,0.0,0.0,0.0,0.0,0.0,0.0,0.0,0.0,0.0,0.0,0.0,0.0,0.0
946,2,4,0.0,0.0,0.0,0.0,0.2,0.25,0.25,0.05,0.0,0.0,0.0,0.0,0.0,0.0,0.0,0.0
947,2,8,0.2,0.125,0.2,0.05,0.2,0.125,0.2,0.1,0.2,0.125,0.2,0.1,0.4,0.25,0.4,0.2333333333333333
948,2,4,0.2,0.25,0.25,0.08333333333333333,0.0,0.0,0.0,0.0,0.2,0.25,0.25,0.125,0.0,0.0,0.0,0.0
949,2,5,0.0,0.0,0.0,0.0,0.2,0.2,0.2,0.2,0.2,0.2,0.2,0.2,0.2,0.2,0.2,0.2
950,2,4,0.0,0.0,0.0,0.0,0.0,0.0,0.0,0.0,0.2,0.25,0.25,0.0625,0.2,0.25,0.25,0.08333333333333333
951,2,9,0.0,0.0,0.0,0.0,0.2,0.1111111111111111,0.2,0.06666666666666667,0.2,0.1111111111111111,0.2,0.06666666666666667,0.0,0.0,0.0,0.0
952,2,5,0.0,0.0,0.0,0.0,0.0,0.0,0.0,0.0,0.2,0.2,0.2,0.1,0.2,0.2,0.2,0.04
953,2,6,0.4,0.3333333333333333,0.4,0.3,0.0,0.0,0.0,0.0,0.0,0.0,0.0,0.0,0.2,0.16666666666666666,0.2,0.05
954,2,7,0.2,0.14285714285714285,0.2,0.06666666666666667,0.4,0.2857142857142857,0.4,0.2333333333333333,0.2,0.14285714285714285,0.2,0.2,0.2,0.14285714285714285,0.2,0.2
955,2,6,0.2,0.16666666666666666,0.2,0.04,0.4,0.3333333333333333,0.4,0.18,0.4,0.3333333333333333,0.4,0.13,0.4,0.3333333333333333,0.4,0.16666666666666666
956,2,10,0.2,0.1,0.2,0.05,0.0,0.0,0.0,0.0,0.2,0.1,0.2,0.06666666666666667,0.0,0.0,0.0,0.0
957,2,19,0.6,0.15789473684210525,0.6,0.4833333333333333,0.6,0.15789473684210525,0.6,0.52,0.2,0.05263157894736842,0.2,0.04,0.4,0.10526315789473684,0.4,0.18
958,2,9,0.4,0.2222222222222222,0.4,0.3,0.2,0.1111111111111111,0.2,0.05,0.0,0.0,0.0,0.0,0.0,0.0,0.0,0.0
959,2,4,0.2,0.25,0.25,0.08333333333333333,0.0,0.0,0.0,0.0,0.0,0.0,0.0,0.0,0.0,0.0,0.0,0.0
960,2,6,0.2,0.16666666666666666,0.2,0.2,0.2,0.16666666666666666,0.2,0.2,0.2,0.16666666666666666,0.2,0.2,0.4,0.3333333333333333,0.4,0.27999999999999997
961,2,8,0.0,0.0,0.0,0.0,0.4,0.25,0.4,0.2333333333333333,0.2,0.125,0.2,0.04,0.0,0.0,0.0,0.0
962,2,4,0.0,0.0,0.0,0.0,0.0,0.0,0.0,0.0,0.0,0.0,0.0,0.0,0.0,0.0,0.0,0.0
963,2,7,0.2,0.14285714285714285,0.2,0.2,0.2,0.14285714285714285,0.2,0.1,0.0,0.0,0.0,0.0,0.2,0.14285714285714285,0.2,0.06666666666666667
964,2,7,0.0,0.0,0.0,0.0,0.2,0.14285714285714285,0.2,0.04,0.4,0.2857142857142857,0.4,0.3333333333333333,0.2,0.14285714285714285,0.2,0.2
965,2,7,0.2,0.14285714285714285,0.2,0.05,0.0,0.0,0.0,0.0,0.4,0.2857142857142857,0.4,0.13,0.2,0.14285714285714285,0.2,0.1
966,2,7,0.2,0.14285714285714285,0.2,0.2,0.4,0.2857142857142857,0.4,0.3333333333333333,0.0,0.0,0.0,0.0,0.2,0.14285714285714285,0.2,0.04
967,2,14,0.0,0.0,0.0,0.0,0.2,0.07142857142857142,0.2,0.2,0.6,0.21428571428571427,0.6,0.35333333333333333,0.4,0.14285714285714285,0.4,0.2333333333333333
968,2,6,0.0,0.0,0.0,0.0,0.2,0.16666666666666666,0.2,0.2,0.4,0.3333333333333333,0.4,0.3333333333333333,0.4,0.3333333333333333,0.4,0.2333333333333333
969,2,13,0.0,0.0,0.0,0.0,0.2,0.07692307692307693,0.2,0.05,0.6,0.23076923076923078,0.6,0.32,0.4,0.15384615384615385,0.4,0.2
970,2,7,0.2,0.14285714285714285,0.2,0.06666666666666667,0.0,0.0,0.0,0.0,0.4,0.2857142857142857,0.4,0.14666666666666667,0.2,0.14285714285714285,0.2,0.06666666666666667
971,2,15,0.0,0.0,0.0,0.0,0.2,0.06666666666666667,0.2,0.2,0.6,0.2,0.6,0.4833333333333333,0.2,0.06666666666666667,0.2,0.2
972,2,3,0.0,0.0,0.0,0.0,0.0,0.0,0.0,0.0,0.2,0.3333333333333333,0.3333333333333333,0.16666666666666666,0.2,0.3333333333333333,0.3333333333333333,0.08333333333333333
973,2,4,0.2,0.25,0.25,0.05,0.0,0.0,0.0,0.0,0.0,0.0,0.0,0.0,0.0,0.0,0.0,0.0
974,2,13,0.2,0.07692307692307693,0.2,0.04,0.6,0.23076923076923078,0.6,0.42000000000000004,0.2,0.07692307692307693,0.2,0.1,0.2,0.07692307692307693,0.2,0.04
975,2,6,0.0,0.0,0.0,0.0,0.2,0.16666666666666666,0.2,0.04,0.0,0.0,0.0,0.0,0.2,0.16666666666666666,0.2,0.06666666666666667
976,2,9,0.2,0.1111111111111111,0.2,0.06666666666666667,0.4,0.2222222222222222,0.4,0.16666666666666666,0.2,0.1111111111111111,0.2,0.05,0.0,0.0,0.0,0.0
977,2,9,0.2,0.1111111111111111,0.2,0.04,0.0,0.0,0.0,0.0,0.0,0.0,0.0,0.0,0.0,0.0,0.0,0.0
978,2,11,0.6,0.2727272727272727,0.6,0.55,0.6,0.2727272727272727,0.6,0.52,0.2,0.09090909090909091,0.2,0.05,0.2,0.09090909090909091,0.2,0.2
979,2,8,0.0,0.0,0.0,0.0,0.0,0.0,0.0,0.0,0.4,0.25,0.4,0.16666666666666666,0.0,0.0,0.0,0.0
980,2,3,0.0,0.0,0.0,0.0,0.2,0.3333333333333333,0.3333333333333333,0.1111111111111111,0.0,0.0,0.0,0.0,0.0,0.0,0.0,0.0
981,2,9,0.0,0.0,0.0,0.0,0.0,0.0,0.0,0.0,0.2,0.1111111111111111,0.2,0.05,0.2,0.1111111111111111,0.2,0.05
982,2,6,0.2,0.16666666666666666,0.2,0.1,0.2,0.16666666666666666,0.2,0.04,0.0,0.0,0.0,0.0,0.2,0.16666666666666666,0.2,0.2
983,2,3,0.0,0.0,0.0,0.0,0.0,0.0,0.0,0.0,0.0,0.0,0.0,0.0,0.0,0.0,0.0,0.0
984,2,5,0.6,0.6,0.6,0.6,0.4,0.4,0.4,0.2,0.0,0.0,0.0,0.0,0.2,0.2,0.2,0.04
985,2,8,0.2,0.125,0.2,0.06666666666666667,0.2,0.125,0.2,0.04,0.0,0.0,0.0,0.0,0.0,0.0,0.0,0.0
986,2,3,0.0,0.0,0.0,0.0,0.0,0.0,0.0,0.0,0.0,0.0,0.0,0.0,0.0,0.0,0.0,0.0
987,2,7,0.2,0.14285714285714285,0.2,0.04,0.0,0.0,0.0,0.0,0.2,0.14285714285714285,0.2,0.05,0.0,0.0,0.0,0.0
988,2,6,0.2,0.16666666666666666,0.2,0.06666666666666667,0.0,0.0,0.0,0.0,0.4,0.3333333333333333,0.4,0.3,0.4,0.3333333333333333,0.4,0.2
989,2,13,0.6,0.23076923076923078,0.6,0.4833333333333333,0.4,0.15384615384615385,0.4,0.2,0.2,0.07692307692307693,0.2,0.05,0.2,0.07692307692307693,0.2,0.05
990,2,5,0.4,0.4,0.4,0.2333333333333333,0.0,0.0,0.0,0.0,0.0,0.0,0.0,0.0,0.2,0.2,0.2,0.04
991,2,6,0.2,0.16666666666666666,0.2,0.2,0.0,0.0,0.0,0.0,0.2,0.16666666666666666,0.2,0.04,0.0,0.0,0.0,0.0
992,2,8,0.4,0.25,0.4,0.3333333333333333,0.0,0.0,0.0,0.0,0.2,0.125,0.2,0.2,0.2,0.125,0.2,0.2
993,2,5,0.2,0.2,0.2,0.05,0.0,0.0,0.0,0.0,0.0,0.0,0.0,0.0,0.0,0.0,0.0,0.0
994,2,9,0.2,0.1111111111111111,0.2,0.06666666666666667,0.2,0.1111111111111111,0.2,0.06666666666666667,0.2,0.1111111111111111,0.2,0.04,0.0,0.0,0.0,0.0
995,2,6,0.0,0.0,0.0,0.0,0.0,0.0,0.0,0.0,0.4,0.3333333333333333,0.4,0.18,0.2,0.16666666666666666,0.2,0.06666666666666667
996,2,7,0.0,0.0,0.0,0.0,0.4,0.2857142857142857,0.4,0.14666666666666667,0.0,0.0,0.0,0.0,0.0,0.0,0.0,0.0
997,2,8,0.2,0.125,0.2,0.2,0.4,0.25,0.4,0.2,0.0,0.0,0.0,0.0,0.0,0.0,0.0,0.0
998,2,13,0.4,0.15384615384615385,0.4,0.2333333333333333,0.6,0.23076923076923078,0.6,0.35333333333333333,0.2,0.07692307692307693,0.2,0.04,0.2,0.07692307692307693,0.2,0.06666666666666667
999,2,7,0.4,0.2857142857142857,0.4,0.13,0.2,0.14285714285714285,0.2,0.05,0.2,0.14285714285714285,0.2,0.06666666666666667,0.2,0.14285714285714285,0.2,0.05
1000,2,7,0.2,0.14285714285714285,0.2,0.06666666666666667,0.4,0.2857142857142857,0.4,0.3,0.2,0.14285714285714285,0.2,0.04,0.0,0.0,0.0,0.0
1001,2,6,0.0,0.0,0.0,0.0,0.0,0.0,0.0,0.0,0.0,0.0,0.0,0.0,0.0,0.0,0.0,0.0
1002,2,8,0.0,0.0,0.0,0.0,0.2,0.125,0.2,0.06666666666666667,0.0,0.0,0.0,0.0,0.0,0.0,0.0,0.0
1003,2,11,0.4,0.18181818181818182,0.4,0.2,0.2,0.09090909090909091,0.2,0.06666666666666667,0.4,0.18181818181818182,0.4,0.18,0.6,0.2727272727272727,0.6,0.3833333333333333
1004,2,7,0.0,0.0,0.0,0.0,0.2,0.14285714285714285,0.2,0.04,0.0,0.0,0.0,0.0,0.0,0.0,0.0,0.0
1005,2,3,0.2,0.3333333333333333,0.3333333333333333,0.06666666666666667,0.2,0.3333333333333333,0.3333333333333333,0.06666666666666667,0.0,0.0,0.0,0.0,0.0,0.0,0.0,0.0
1006,2,7,0.2,0.14285714285714285,0.2,0.2,0.0,0.0,0.0,0.0,0.2,0.14285714285714285,0.2,0.05,0.2,0.14285714285714285,0.2,0.05
1007,2,3,0.0,0.0,0.0,0.0,0.0,0.0,0.0,0.0,0.0,0.0,0.0,0.0,0.0,0.0,0.0,0.0
1008,2,10,0.2,0.1,0.2,0.1,0.2,0.1,0.2,0.05,0.2,0.1,0.2,0.06666666666666667,0.2,0.1,0.2,0.06666666666666667
1009,2,15,0.2,0.06666666666666667,0.2,0.1,0.8,0.26666666666666666,0.8,0.71,0.4,0.13333333333333333,0.4,0.16666666666666666,0.2,0.06666666666666667,0.2,0.2
1010,2,3,0.4,0.6666666666666666,0.6666666666666666,0.3,0.0,0.0,0.0,0.0,0.0,0.0,0.0,0.0,0.0,0.0,0.0,0.0
1011,2,6,0.0,0.0,0.0,0.0,0.0,0.0,0.0,0.0,0.2,0.16666666666666666,0.2,0.1,0.0,0.0,0.0,0.0
1012,2,7,0.2,0.14285714285714285,0.2,0.05,0.4,0.2857142857142857,0.4,0.4,0.0,0.0,0.0,0.0,0.0,0.0,0.0,0.0
1013,2,3,0.0,0.0,0.0,0.0,0.0,0.0,0.0,0.0,0.0,0.0,0.0,0.0,0.0,0.0,0.0,0.0
1014,2,8,0.6,0.375,0.6,0.52,0.4,0.25,0.4,0.13,0.0,0.0,0.0,0.0,0.4,0.25,0.4,0.18
1015,2,3,0.2,0.3333333333333333,0.3333333333333333,0.1111111111111111,0.2,0.3333333333333333,0.3333333333333333,0.16666666666666666,0.2,0.3333333333333333,0.3333333333333333,0.3333333333333333,0.2,0.3333333333333333,0.3333333333333333,0.08333333333333333
1016,2,6,0.4,0.3333333333333333,0.4,0.2333333333333333,0.4,0.3333333333333333,0.4,0.3333333333333333,0.2,0.16666666666666666,0.2,0.1,0.0,0.0,0.0,0.0
1017,2,3,0.0,0.0,0.0,0.0,0.0,0.0,0.0,0.0,0.0,0.0,0.0,0.0,0.0,0.0,0.0,0.0
1018,2,7,0.2,0.14285714285714285,0.2,0.04,0.2,0.14285714285714285,0.2,0.04,0.2,0.14285714285714285,0.2,0.06666666666666667,0.4,0.2857142857142857,0.4,0.18
1019,2,5,0.0,0.0,0.0,0.0,0.2,0.2,0.2,0.05,0.0,0.0,0.0,0.0,0.0,0.0,0.0,0.0
1020,2,9,0.0,0.0,0.0,0.0,0.2,0.1111111111111111,0.2,0.04,0.0,0.0,0.0,0.0,0.0,0.0,0.0,0.0
1021,2,7,0.0,0.0,0.0,0.0,0.0,0.0,0.0,0.0,0.0,0.0,0.0,0.0,0.0,0.0,0.0,0.0
1022,2,4,0.0,0.0,0.0,0.0,0.0,0.0,0.0,0.0,0.0,0.0,0.0,0.0,0.0,0.0,0.0,0.0
1023,2,5,0.2,0.2,0.2,0.04,0.0,0.0,0.0,0.0,0.0,0.0,0.0,0.0,0.0,0.0,0.0,0.0
1024,2,5,0.2,0.2,0.2,0.2,0.2,0.2,0.2,0.2,0.0,0.0,0.0,0.0,0.0,0.0,0.0,0.0
1025,2,8,0.2,0.125,0.2,0.04,0.2,0.125,0.2,0.06666666666666667,0.2,0.125,0.2,0.06666666666666667,0.2,0.125,0.2,0.05
1026,2,8,0.0,0.0,0.0,0.0,0.0,0.0,0.0,0.0,0.0,0.0,0.0,0.0,0.0,0.0,0.0,0.0
1027,2,10,0.4,0.2,0.4,0.27999999999999997,0.2,0.1,0.2,0.1,0.0,0.0,0.0,0.0,0.2,0.1,0.2,0.04
1028,2,5,0.2,0.2,0.2,0.2,0.2,0.2,0.2,0.06666666666666667,0.2,0.2,0.2,0.1,0.4,0.4,0.4,0.18
1029,2,9,0.0,0.0,0.0,0.0,0.4,0.2222222222222222,0.4,0.16666666666666666,0.4,0.2222222222222222,0.4,0.27999999999999997,0.2,0.1111111111111111,0.2,0.2
1030,2,5,0.0,0.0,0.0,0.0,0.4,0.4,0.4,0.3333333333333333,0.0,0.0,0.0,0.0,0.0,0.0,0.0,0.0
1031,2,8,0.2,0.125,0.2,0.06666666666666667,0.2,0.125,0.2,0.06666666666666667,0.0,0.0,0.0,0.0,0.0,0.0,0.0,0.0
1032,2,4,0.0,0.0,0.0,0.0,0.0,0.0,0.0,0.0,0.2,0.25,0.25,0.05,0.2,0.25,0.25,0.0625
1033,2,8,0.4,0.25,0.4,0.27999999999999997,0.2,0.125,0.2,0.1,0.4,0.25,0.4,0.13,0.6,0.375,0.6,0.35333333333333333
1034,2,9,0.0,0.0,0.0,0.0,0.2,0.1111111111111111,0.2,0.04,0.0,0.0,0.0,0.0,0.0,0.0,0.0,0.0
1035,2,10,0.4,0.2,0.4,0.27999999999999997,0.8,0.4,0.8,0.5433333333333333,0.2,0.1,0.2,0.06666666666666667,0.2,0.1,0.2,0.1
1036,2,3,0.0,0.0,0.0,0.0,0.0,0.0,0.0,0.0,0.0,0.0,0.0,0.0,0.0,0.0,0.0,0.0
1037,2,10,0.0,0.0,0.0,0.0,0.0,0.0,0.0,0.0,0.0,0.0,0.0,0.0,0.0,0.0,0.0,0.0
1038,2,8,0.2,0.125,0.2,0.04,0.4,0.25,0.4,0.14666666666666667,0.0,0.0,0.0,0.0,0.0,0.0,0.0,0.0
1039,2,3,0.0,0.0,0.0,0.0,0.0,0.0,0.0,0.0,0.2,0.3333333333333333,0.3333333333333333,0.16666666666666666,0.2,0.3333333333333333,0.3333333333333333,0.16666666666666666
1040,2,3,0.0,0.0,0.0,0.0,0.2,0.3333333333333333,0.3333333333333333,0.06666666666666667,0.0,0.0,0.0,0.0,0.0,0.0,0.0,0.0
1041,2,5,0.0,0.0,0.0,0.0,0.0,0.0,0.0,0.0,0.0,0.0,0.0,0.0,0.0,0.0,0.0,0.0
1042,2,7,0.0,0.0,0.0,0.0,0.2,0.14285714285714285,0.2,0.04,0.2,0.14285714285714285,0.2,0.1,0.2,0.14285714285714285,0.2,0.06666666666666667
1043,2,6,0.0,0.0,0.0,0.0,0.0,0.0,0.0,0.0,0.0,0.0,0.0,0.0,0.2,0.16666666666666666,0.2,0.04
1044,2,6,0.2,0.16666666666666666,0.2,0.2,0.2,0.16666666666666666,0.2,0.2,0.4,0.3333333333333333,0.4,0.4,0.4,0.3333333333333333,0.4,0.2
1045,2,4,0.2,0.25,0.25,0.25,0.0,0.0,0.0,0.0,0.2,0.25,0.25,0.125,0.2,0.25,0.25,0.08333333333333333
1046,2,5,0.2,0.2,0.2,0.04,0.0,0.0,0.0,0.0,0.2,0.2,0.2,0.1,0.2,0.2,0.2,0.05
1047,2,10,0.2,0.1,0.2,0.1,0.0,0.0,0.0,0.0,0.2,0.1,0.2,0.1,0.2,0.1,0.2,0.1
1048,2,8,0.2,0.125,0.2,0.1,0.2,0.125,0.2,0.1,0.4,0.25,0.4,0.27999999999999997,0.2,0.125,0.2,0.06666666666666667
1049,2,5,0.0,0.0,0.0,0.0,0.0,0.0,0.0,0.0,0.2,0.2,0.2,0.1,0.2,0.2,0.2,0.05
1050,2,6,0.0,0.0,0.0,0.0,0.0,0.0,0.0,0.0,0.2,0.16666666666666666,0.2,0.04,0.2,0.16666666666666666,0.2,0.05
1051,2,5,0.4,0.4,0.4,0.2,0.4,0.4,0.4,0.13,0.0,0.0,0.0,0.0,0.2,0.2,0.2,0.05
1052,2,7,0.0,0.0,0.0,0.0,0.0,0.0,0.0,0.0,0.0,0.0,0.0,0.0,0.0,0.0,0.0,0.0
1053,2,6,0.0,0.0,0.0,0.0,0.0,0.0,0.0,0.0,0.0,0.0,0.0,0.0,0.0,0.0,0.0,0.0
1054,2,3,0.2,0.3333333333333333,0.3333333333333333,0.1111111111111111,0.0,0.0,0.0,0.0,0.2,0.3333333333333333,0.3333333333333333,0.16666666666666666,0.2,0.3333333333333333,0.3333333333333333,0.3333333333333333
1055,2,7,0.6,0.42857142857142855,0.6,0.52,0.0,0.0,0.0,0.0,0.0,0.0,0.0,0.0,0.4,0.2857142857142857,0.4,0.2
1056,2,8,0.0,0.0,0.0,0.0,0.2,0.125,0.2,0.05,0.4,0.25,0.4,0.18,0.2,0.125,0.2,0.1
1057,2,2,0.0,0.0,0.0,0.0,0.0,0.0,0.0,0.0,0.0,0.0,0.0,0.0,0.0,0.0,0.0,0.0
1058,2,18,0.4,0.1111111111111111,0.4,0.16666666666666666,0.8,0.2222222222222222,0.8,0.76,0.2,0.05555555555555555,0.2,0.1,0.2,0.05555555555555555,0.2,0.05
1059,2,3,0.2,0.3333333333333333,0.3333333333333333,0.3333333333333333,0.2,0.3333333333333333,0.3333333333333333,0.3333333333333333,0.0,0.0,0.0,0.0,0.2,0.3333333333333333,0.3333333333333333,0.1111111111111111
1060,2,6,0.0,0.0,0.0,0.0,0.4,0.3333333333333333,0.4,0.3,0.0,0.0,0.0,0.0,0.0,0.0,0.0,0.0
1061,2,13,0.2,0.07692307692307693,0.2,0.2,0.0,0.0,0.0,0.0,0.0,0.0,0.0,0.0,0.2,0.07692307692307693,0.2,0.05
1062,2,5,0.0,0.0,0.0,0.0,0.0,0.0,0.0,0.0,0.0,0.0,0.0,0.0,0.0,0.0,0.0,0.0
1063,2,7,0.4,0.2857142857142857,0.4,0.4,0.2,0.14285714285714285,0.2,0.1,0.4,0.2857142857142857,0.4,0.27999999999999997,0.6,0.42857142857142855,0.6,0.32
1064,2,6,0.4,0.3333333333333333,0.4,0.3,0.0,0.0,0.0,0.0,0.0,0.0,0.0,0.0,0.2,0.16666666666666666,0.2,0.04
1065,2,6,0.0,0.0,0.0,0.0,0.2,0.16666666666666666,0.2,0.2,0.0,0.0,0.0,0.0,0.2,0.16666666666666666,0.2,0.05
1066,2,3,0.0,0.0,0.0,0.0,0.0,0.0,0.0,0.0,0.0,0.0,0.0,0.0,0.0,0.0,0.0,0.0
1067,2,3,0.4,0.6666666666666666,0.6666666666666666,0.24444444444444446,0.2,0.3333333333333333,0.3333333333333333,0.1111111111111111,0.0,0.0,0.0,0.0,0.0,0.0,0.0,0.0
1068,2,9,0.4,0.2222222222222222,0.4,0.27999999999999997,0.2,0.1111111111111111,0.2,0.06666666666666667,0.0,0.0,0.0,0.0,0.0,0.0,0.0,0.0
1069,2,8,0.4,0.25,0.4,0.18,0.2,0.125,0.2,0.04,0.2,0.125,0.2,0.2,0.4,0.25,0.4,0.2
1070,2,3,0.2,0.3333333333333333,0.3333333333333333,0.16666666666666666,0.2,0.3333333333333333,0.3333333333333333,0.16666666666666666,0.0,0.0,0.0,0.0,0.2,0.3333333333333333,0.3333333333333333,0.16666666666666666
1071,2,5,0.0,0.0,0.0,0.0,0.0,0.0,0.0,0.0,0.0,0.0,0.0,0.0,0.0,0.0,0.0,0.0
1072,2,6,0.4,0.3333333333333333,0.4,0.18,0.2,0.16666666666666666,0.2,0.04,0.0,0.0,0.0,0.0,0.0,0.0,0.0,0.0
1073,2,3,0.2,0.3333333333333333,0.3333333333333333,0.08333333333333333,0.0,0.0,0.0,0.0,0.0,0.0,0.0,0.0,0.0,0.0,0.0,0.0
1074,2,5,0.2,0.2,0.2,0.2,0.0,0.0,0.0,0.0,0.2,0.2,0.2,0.2,0.4,0.4,0.4,0.16666666666666666
1075,2,3,0.0,0.0,0.0,0.0,0.0,0.0,0.0,0.0,0.0,0.0,0.0,0.0,0.0,0.0,0.0,0.0
1076,2,8,0.2,0.125,0.2,0.05,0.4,0.25,0.4,0.13,0.4,0.25,0.4,0.2,0.4,0.25,0.4,0.2
1077,2,5,0.4,0.4,0.4,0.4,0.2,0.2,0.2,0.05,0.2,0.2,0.2,0.06666666666666667,0.4,0.4,0.4,0.16666666666666666
1078,2,2,0.2,0.5,0.5,0.16666666666666666,0.0,0.0,0.0,0.0,0.0,0.0,0.0,0.0,0.0,0.0,0.0,0.0
1079,2,5,0.2,0.2,0.2,0.1,0.0,0.0,0.0,0.0,0.0,0.0,0.0,0.0,0.2,0.2,0.2,0.05
1080,2,3,0.0,0.0,0.0,0.0,0.0,0.0,0.0,0.0,0.2,0.3333333333333333,0.3333333333333333,0.06666666666666667,0.0,0.0,0.0,0.0
1081,2,7,0.0,0.0,0.0,0.0,0.4,0.2857142857142857,0.4,0.27999999999999997,0.0,0.0,0.0,0.0,0.2,0.14285714285714285,0.2,0.05
1082,2,4,0.0,0.0,0.0,0.0,0.0,0.0,0.0,0.0,0.0,0.0,0.0,0.0,0.0,0.0,0.0,0.0
1083,2,5,0.0,0.0,0.0,0.0,0.0,0.0,0.0,0.0,0.2,0.2,0.2,0.06666666666666667,0.0,0.0,0.0,0.0
1084,2,5,0.0,0.0,0.0,0.0,0.0,0.0,0.0,0.0,0.6,0.6,0.6,0.52,0.2,0.2,0.2,0.06666666666666667
1085,2,5,0.0,0.0,0.0,0.0,0.2,0.2,0.2,0.06666666666666667,0.0,0.0,0.0,0.0,0.0,0.0,0.0,0.0
1086,2,4,0.2,0.25,0.25,0.0625,0.0,0.0,0.0,0.0,0.2,0.25,0.25,0.0625,0.0,0.0,0.0,0.0
1087,2,9,0.2,0.1111111111111111,0.2,0.2,0.2,0.1111111111111111,0.2,0.05,0.2,0.1111111111111111,0.2,0.06666666666666667,0.4,0.2222222222222222,0.4,0.14666666666666667
1088,2,7,0.0,0.0,0.0,0.0,0.4,0.2857142857142857,0.4,0.3333333333333333,0.2,0.14285714285714285,0.2,0.1,0.2,0.14285714285714285,0.2,0.05
1089,2,6,0.0,0.0,0.0,0.0,0.0,0.0,0.0,0.0,0.2,0.16666666666666666,0.2,0.05,0.0,0.0,0.0,0.0
1090,2,5,0.2,0.2,0.2,0.2,0.0,0.0,0.0,0.0,0.0,0.0,0.0,0.0,0.2,0.2,0.2,0.06666666666666667
1091,2,5,0.0,0.0,0.0,0.0,0.2,0.2,0.2,0.04,0.0,0.0,0.0,0.0,0.0,0.0,0.0,0.0
1092,2,7,0.2,0.14285714285714285,0.2,0.1,0.2,0.14285714285714285,0.2,0.2,0.0,0.0,0.0,0.0,0.2,0.14285714285714285,0.2,0.2
1093,2,6,0.2,0.16666666666666666,0.2,0.2,0.2,0.16666666666666666,0.2,0.1,0.2,0.16666666666666666,0.2,0.05,0.0,0.0,0.0,0.0
1094,2,8,0.4,0.25,0.4,0.16666666666666666,0.2,0.125,0.2,0.1,0.0,0.0,0.0,0.0,0.0,0.0,0.0,0.0
1095,2,8,0.2,0.125,0.2,0.06666666666666667,0.4,0.25,0.4,0.27999999999999997,0.2,0.125,0.2,0.1,0.2,0.125,0.2,0.04
1096,2,7,0.0,0.0,0.0,0.0,0.0,0.0,0.0,0.0,0.0,0.0,0.0,0.0,0.0,0.0,0.0,0.0
1097,2,3,0.0,0.0,0.0,0.0,0.0,0.0,0.0,0.0,0.0,0.0,0.0,0.0,0.0,0.0,0.0,0.0
1098,2,4,0.0,0.0,0.0,0.0,0.0,0.0,0.0,0.0,0.2,0.25,0.25,0.0625,0.0,0.0,0.0,0.0
1099,2,5,0.2,0.2,0.2,0.04,0.2,0.2,0.2,0.04,0.0,0.0,0.0,0.0,0.0,0.0,0.0,0.0
1100,2,7,0.2,0.14285714285714285,0.2,0.1,0.0,0.0,0.0,0.0,0.2,0.14285714285714285,0.2,0.2,0.4,0.2857142857142857,0.4,0.4
1101,2,10,0.2,0.1,0.2,0.04,0.2,0.1,0.2,0.06666666666666667,0.4,0.2,0.4,0.3333333333333333,0.4,0.2,0.4,0.3
1102,2,6,0.4,0.3333333333333333,0.4,0.3,0.4,0.3333333333333333,0.4,0.18,0.2,0.16666666666666666,0.2,0.04,0.2,0.16666666666666666,0.2,0.06666666666666667
1103,2,7,0.4,0.2857142857142857,0.4,0.2,0.0,0.0,0.0,0.0,0.0,0.0,0.0,0.0,0.2,0.14285714285714285,0.2,0.05
1104,2,8,0.2,0.125,0.2,0.2,0.2,0.125,0.2,0.06666666666666667,0.0,0.0,0.0,0.0,0.0,0.0,0.0,0.0
1105,2,3,0.0,0.0,0.0,0.0,0.2,0.3333333333333333,0.3333333333333333,0.3333333333333333,0.0,0.0,0.0,0.0,0.0,0.0,0.0,0.0
1106,2,14,0.2,0.07142857142857142,0.2,0.2,0.8,0.2857142857142857,0.8,0.6433333333333333,0.2,0.07142857142857142,0.2,0.05,0.2,0.07142857142857142,0.2,0.1
1107,2,18,0.8,0.2222222222222222,0.8,0.71,0.4,0.1111111111111111,0.4,0.4,0.2,0.05555555555555555,0.2,0.04,0.4,0.1111111111111111,0.4,0.4
1108,2,4,0.0,0.0,0.0,0.0,0.0,0.0,0.0,0.0,0.0,0.0,0.0,0.0,0.0,0.0,0.0,0.0
1109,2,9,0.2,0.1111111111111111,0.2,0.2,0.2,0.1111111111111111,0.2,0.2,0.2,0.1111111111111111,0.2,0.2,0.2,0.1111111111111111,0.2,0.06666666666666667
1110,2,5,0.0,0.0,0.0,0.0,0.2,0.2,0.2,0.1,0.2,0.2,0.2,0.1,0.2,0.2,0.2,0.2
1111,2,6,0.2,0.16666666666666666,0.2,0.06666666666666667,0.0,0.0,0.0,0.0,0.0,0.0,0.0,0.0,0.0,0.0,0.0,0.0
1112,2,5,0.2,0.2,0.2,0.05,0.2,0.2,0.2,0.1,0.4,0.4,0.4,0.3,0.6,0.6,0.6,0.4533333333333333
1113,2,3,0.2,0.3333333333333333,0.3333333333333333,0.06666666666666667,0.0,0.0,0.0,0.0,0.2,0.3333333333333333,0.3333333333333333,0.1111111111111111,0.2,0.3333333333333333,0.3333333333333333,0.06666666666666667
1114,2,9,0.0,0.0,0.0,0.0,0.4,0.2222222222222222,0.4,0.18,0.2,0.1111111111111111,0.2,0.05,0.0,0.0,0.0,0.0
1115,2,15,0.4,0.13333333333333333,0.4,0.13,0.4,0.13333333333333333,0.4,0.14666666666666667,0.6,0.2,0.6,0.35333333333333333,0.4,0.13333333333333333,0.4,0.14666666666666667
1116,2,4,0.0,0.0,0.0,0.0,0.0,0.0,0.0,0.0,0.0,0.0,0.0,0.0,0.0,0.0,0.0,0.0
1117,2,3,0.2,0.3333333333333333,0.3333333333333333,0.08333333333333333,0.2,0.3333333333333333,0.3333333333333333,0.06666666666666667,0.0,0.0,0.0,0.0,0.0,0.0,0.0,0.0
1118,2,8,0.4,0.25,0.4,0.27999999999999997,0.2,0.125,0.2,0.06666666666666667,0.2,0.125,0.2,0.1,0.4,0.25,0.4,0.27999999999999997
1119,2,8,0.4,0.25,0.4,0.27999999999999997,0.4,0.25,0.4,0.18,0.2,0.125,0.2,0.2,0.4,0.25,0.4,0.27999999999999997
1120,2,7,0.0,0.0,0.0,0.0,0.2,0.14285714285714285,0.2,0.2,0.0,0.0,0.0,0.0,0.0,0.0,0.0,0.0
1121,2,8,0.4,0.25,0.4,0.27999999999999997,0.0,0.0,0.0,0.0,0.4,0.25,0.4,0.2333333333333333,0.6,0.375,0.6,0.6
1122,2,7,0.2,0.14285714285714285,0.2,0.04,0.4,0.2857142857142857,0.4,0.2,0.4,0.2857142857142857,0.4,0.18,0.2,0.14285714285714285,0.2,0.1
1123,2,6,0.2,0.16666666666666666,0.2,0.05,0.0,0.0,0.0,0.0,0.0,0.0,0.0,0.0,0.0,0.0,0.0,0.0
1124,2,8,0.0,0.0,0.0,0.0,0.2,0.125,0.2,0.05,0.2,0.125,0.2,0.04,0.0,0.0,0.0,0.0
1125,2,2,0.2,0.5,0.5,0.125,0.0,0.0,0.0,0.0,0.0,0.0,0.0,0.0,0.2,0.5,0.5,0.1
1126,2,6,0.0,0.0,0.0,0.0,0.0,0.0,0.0,0.0,0.0,0.0,0.0,0.0,0.0,0.0,0.0,0.0
1127,2,8,0.2,0.125,0.2,0.04,0.4,0.25,0.4,0.4,0.0,0.0,0.0,0.0,0.0,0.0,0.0,0.0
1128,2,4,0.0,0.0,0.0,0.0,0.2,0.25,0.25,0.125,0.2,0.25,0.25,0.05,0.0,0.0,0.0,0.0
1129,2,8,0.0,0.0,0.0,0.0,0.2,0.125,0.2,0.06666666666666667,0.2,0.125,0.2,0.2,0.0,0.0,0.0,0.0
1130,2,7,0.2,0.14285714285714285,0.2,0.04,0.4,0.2857142857142857,0.4,0.14666666666666667,0.2,0.14285714285714285,0.2,0.06666666666666667,0.0,0.0,0.0,0.0
1131,2,4,0.0,0.0,0.0,0.0,0.0,0.0,0.0,0.0,0.4,0.5,0.5,0.18333333333333335,0.2,0.25,0.25,0.05
1132,2,8,0.2,0.125,0.2,0.06666666666666667,0.4,0.25,0.4,0.3333333333333333,0.0,0.0,0.0,0.0,0.0,0.0,0.0,0.0
1133,2,3,0.0,0.0,0.0,0.0,0.0,0.0,0.0,0.0,0.2,0.3333333333333333,0.3333333333333333,0.08333333333333333,0.0,0.0,0.0,0.0
1134,2,8,0.4,0.25,0.4,0.18,0.2,0.125,0.2,0.1,0.0,0.0,0.0,0.0,0.0,0.0,0.0,0.0
1135,2,8,0.2,0.125,0.2,0.04,0.6,0.375,0.6,0.55,0.2,0.125,0.2,0.2,0.6,0.375,0.6,0.4833333333333333
1136,2,7,0.0,0.0,0.0,0.0,0.0,0.0,0.0,0.0,0.2,0.14285714285714285,0.2,0.1,0.2,0.14285714285714285,0.2,0.1
1137,2,8,0.4,0.25,0.4,0.3333333333333333,0.2,0.125,0.2,0.06666666666666667,0.4,0.25,0.4,0.16666666666666666,0.4,0.25,0.4,0.16666666666666666
1138,2,4,0.0,0.0,0.0,0.0,0.0,0.0,0.0,0.0,0.0,0.0,0.0,0.0,0.0,0.0,0.0,0.0
1139,2,16,0.2,0.0625,0.2,0.05,0.4,0.125,0.4,0.14666666666666667,0.0,0.0,0.0,0.0,0.4,0.125,0.4,0.18
1140,2,5,0.2,0.2,0.2,0.06666666666666667,0.2,0.2,0.2,0.06666666666666667,0.2,0.2,0.2,0.06666666666666667,0.2,0.2,0.2,0.06666666666666667
1141,2,7,0.0,0.0,0.0,0.0,0.2,0.14285714285714285,0.2,0.1,0.0,0.0,0.0,0.0,0.0,0.0,0.0,0.0
1142,2,6,0.0,0.0,0.0,0.0,0.2,0.16666666666666666,0.2,0.2,0.0,0.0,0.0,0.0,0.2,0.16666666666666666,0.2,0.04
1143,2,4,0.0,0.0,0.0,0.0,0.0,0.0,0.0,0.0,0.0,0.0,0.0,0.0,0.2,0.25,0.25,0.08333333333333333
1144,2,4,0.0,0.0,0.0,0.0,0.0,0.0,0.0,0.0,0.0,0.0,0.0,0.0,0.0,0.0,0.0,0.0
1145,2,3,0.2,0.3333333333333333,0.3333333333333333,0.06666666666666667,0.0,0.0,0.0,0.0,0.2,0.3333333333333333,0.3333333333333333,0.16666666666666666,0.0,0.0,0.0,0.0
1146,2,6,0.0,0.0,0.0,0.0,0.0,0.0,0.0,0.0,0.2,0.16666666666666666,0.2,0.06666666666666667,0.2,0.16666666666666666,0.2,0.06666666666666667
1147,2,4,0.2,0.25,0.25,0.25,0.4,0.5,0.5,0.5,0.0,0.0,0.0,0.0,0.2,0.25,0.25,0.125
1148,2,7,0.2,0.14285714285714285,0.2,0.05,0.2,0.14285714285714285,0.2,0.05,0.4,0.2857142857142857,0.4,0.2,0.2,0.14285714285714285,0.2,0.1
1149,2,5,0.0,0.0,0.0,0.0,0.2,0.2,0.2,0.05,0.4,0.4,0.4,0.14666666666666667,0.0,0.0,0.0,0.0
1150,2,5,0.0,0.0,0.0,0.0,0.2,0.2,0.2,0.1,0.0,0.0,0.0,0.0,0.2,0.2,0.2,0.05
1151,2,7,0.0,0.0,0.0,0.0,0.4,0.2857142857142857,0.4,0.4,0.6,0.42857142857142855,0.6,0.4533333333333333,0.4,0.2857142857142857,0.4,0.4
1152,2,6,0.0,0.0,0.0,0.0,0.0,0.0,0.0,0.0,0.0,0.0,0.0,0.0,0.0,0.0,0.0,0.0
1153,2,7,0.0,0.0,0.0,0.0,0.2,0.14285714285714285,0.2,0.1,0.2,0.14285714285714285,0.2,0.05,0.0,0.0,0.0,0.0
1154,2,7,0.2,0.14285714285714285,0.2,0.2,0.0,0.0,0.0,0.0,0.2,0.14285714285714285,0.2,0.04,0.2,0.14285714285714285,0.2,0.2
1155,2,6,0.0,0.0,0.0,0.0,0.2,0.16666666666666666,0.2,0.1,0.2,0.16666666666666666,0.2,0.2,0.2,0.16666666666666666,0.2,0.2
1156,2,6,0.0,0.0,0.0,0.0,0.0,0.0,0.0,0.0,0.2,0.16666666666666666,0.2,0.1,0.2,0.16666666666666666,0.2,0.1
1157,2,7,0.2,0.14285714285714285,0.2,0.1,0.2,0.14285714285714285,0.2,0.2,0.0,0.0,0.0,0.0,0.2,0.14285714285714285,0.2,0.04
1158,2,7,0.4,0.2857142857142857,0.4,0.3333333333333333,0.6,0.42857142857142855,0.6,0.42000000000000004,0.2,0.14285714285714285,0.2,0.05,0.4,0.2857142857142857,0.4,0.3
1159,2,5,0.2,0.2,0.2,0.2,0.0,0.0,0.0,0.0,0.0,0.0,0.0,0.0,0.2,0.2,0.2,0.04
1160,2,8,0.4,0.25,0.4,0.4,0.2,0.125,0.2,0.05,0.0,0.0,0.0,0.0,0.2,0.125,0.2,0.05
1161,2,13,0.2,0.07692307692307693,0.2,0.05,0.6,0.23076923076923078,0.6,0.55,0.4,0.15384615384615385,0.4,0.27999999999999997,0.2,0.07692307692307693,0.2,0.1
1162,2,2,0.0,0.0,0.0,0.0,0.0,0.0,0.0,0.0,0.2,0.5,0.5,0.25,0.2,0.5,0.5,0.25
1163,2,6,0.2,0.16666666666666666,0.2,0.1,0.0,0.0,0.0,0.0,0.0,0.0,0.0,0.0,0.2,0.16666666666666666,0.2,0.2
1164,2,8,0.2,0.125,0.2,0.04,0.0,0.0,0.0,0.0,0.0,0.0,0.0,0.0,0.2,0.125,0.2,0.04
1165,2,3,0.0,0.0,0.0,0.0,0.0,0.0,0.0,0.0,0.2,0.3333333333333333,0.3333333333333333,0.16666666666666666,0.0,0.0,0.0,0.0
1166,2,9,0.0,0.0,0.0,0.0,0.4,0.2222222222222222,0.4,0.3333333333333333,0.2,0.1111111111111111,0.2,0.1,0.2,0.1111111111111111,0.2,0.1
1167,2,10,0.2,0.1,0.2,0.1,0.4,0.2,0.4,0.2333333333333333,0.2,0.1,0.2,0.1,0.2,0.1,0.2,0.06666666666666667
1168,2,5,0.4,0.4,0.4,0.4,0.2,0.2,0.2,0.04,0.0,0.0,0.0,0.0,0.4,0.4,0.4,0.14666666666666667
1169,2,3,0.4,0.6666666666666666,0.6666666666666666,0.4666666666666666,0.2,0.3333333333333333,0.3333333333333333,0.3333333333333333,0.0,0.0,0.0,0.0,0.2,0.3333333333333333,0.3333333333333333,0.08333333333333333
1170,2,18,0.4,0.1111111111111111,0.4,0.14666666666666667,0.8,0.2222222222222222,0.8,0.71,0.4,0.1111111111111111,0.4,0.13,0.0,0.0,0.0,0.0
1171,2,9,0.0,0.0,0.0,0.0,0.2,0.1111111111111111,0.2,0.06666666666666667,0.4,0.2222222222222222,0.4,0.16666666666666666,0.2,0.1111111111111111,0.2,0.04
1172,2,4,0.0,0.0,0.0,0.0,0.0,0.0,0.0,0.0,0.0,0.0,0.0,0.0,0.0,0.0,0.0,0.0
1173,2,12,0.2,0.08333333333333333,0.2,0.1,0.4,0.16666666666666666,0.4,0.2,0.4,0.16666666666666666,0.4,0.3,0.4,0.16666666666666666,0.4,0.4
1174,2,14,0.4,0.14285714285714285,0.4,0.18,0.6,0.21428571428571427,0.6,0.2866666666666666,0.2,0.07142857142857142,0.2,0.04,0.4,0.14285714285714285,0.4,0.27999999999999997
1175,2,5,0.2,0.2,0.2,0.2,0.2,0.2,0.2,0.1,0.0,0.0,0.0,0.0,0.2,0.2,0.2,0.05
1176,2,14,0.0,0.0,0.0,0.0,0.2,0.07142857142857142,0.2,0.04,0.2,0.07142857142857142,0.2,0.04,0.0,0.0,0.0,0.0
